sample,GPSC,merge_history_v2,merge_history_v3
GPS_all_assemblies/10395_5#37.contigs_velvet.fa,1,nan,nan
GPS_all_assemblies/14410_8#91.contigs_velvet.fa,1,nan,nan
GPS_all_assemblies/14566_5#14.contigs_velvet.fa,1,nan,nan
GPS_all_assemblies/15378_2#24.contigs_velvet.fa,1,nan,nan
GPS_all_assemblies/15531_5#52.contigs_velvet.fa,1,nan,nan
GPS_all_assemblies/15531_5#66.contigs_velvet.fa,1,nan,nan
GPS_all_assemblies/15682_6#83.contigs_velvet.fa,1,nan,nan
GPS_all_assemblies/15841_4#41.contigs_velvet.fa,1,nan,nan
GPS_all_assemblies/16043_2#60.contigs_velvet.fa,1,nan,nan
GPS_all_assemblies/17150_6#86.contigs_velvet.fa,1,nan,nan
GPS_all_assemblies/17175_6#65.contigs_velvet.fa,1,nan,nan
GPS_all_assemblies/21127_1#124.contigs_velvet.fa,1,nan,nan
GPS_all_assemblies/21127_2#143.contigs_velvet.fa,1,nan,nan
GPS_all_assemblies/21127_2#162.contigs_velvet.fa,1,nan,nan
GPS_all_assemblies/21485_1#82.contigs_velvet.fa,1,nan,nan
GPS_all_assemblies/13415_8#19.contigs_velvet.fa,2,nan,nan
GPS_all_assemblies/17138_5#50.contigs_velvet.fa,2,nan,nan
GPS_all_assemblies/11860_5#71.contigs_velvet.fa,3,nan,nan
GPS_all_assemblies/12291_1#43.contigs_velvet.fa,3,nan,nan
GPS_all_assemblies/13091_4#73.contigs_velvet.fa,3,nan,nan
GPS_all_assemblies/14566_5#52.contigs_velvet.fa,3,nan,nan
GPS_all_assemblies/14913_4#7.contigs_velvet.fa,3,nan,nan
GPS_all_assemblies/14913_5#15.contigs_velvet.fa,3,nan,nan
GPS_all_assemblies/15608_2#58.contigs_velvet.fa,3,nan,nan
GPS_all_assemblies/15608_4#51.contigs_velvet.fa,3,nan,nan
GPS_all_assemblies/17138_5#70.contigs_velvet.fa,3,nan,nan
GPS_all_assemblies/19084_8#119.contigs_velvet.fa,3,nan,nan
GPS_all_assemblies/21903_8#160.contigs_velvet.fa,3,nan,nan
GPS_all_assemblies/21903_8#167.contigs_velvet.fa,3,nan,nan
GPS_all_assemblies/21946_6#51.contigs_velvet.fa,3,nan,nan
GPS_all_assemblies/22695_3#75.contigs_velvet.fa,3,nan,nan
GPS_all_assemblies/24861_1#236.contigs_velvet.fa,3,nan,nan
GPS_all_assemblies/9953_7#63.contigs_velvet.fa,3,nan,nan
GPS_all_assemblies/10868_5#26.contigs_velvet.fa,4,nan,nan
GPS_all_assemblies/15682_4#88.contigs_velvet.fa,5,5;369;558;nan,5;369;558;539;nan
GPS_all_assemblies/17794_8#25.contigs_velvet.fa,5,5;369;558;nan,5;369;558;539;nan
GPS_all_assemblies/21242_6#50.contigs_velvet.fa,5,5;369;558;nan,5;369;558;539;nan
GPS_all_assemblies/9262_4#22.contigs_velvet.fa,5,5;369;558;nan,5;369;558;539;nan
GPS_all_assemblies/12162_1#91.contigs_velvet.fa,5,5;369;558;nan,5;369;558;539;nan
GPS_all_assemblies/13414_8#70.contigs_velvet.fa,5,5;369;558;nan,5;369;558;539;nan
GPS_all_assemblies/14566_5#43.contigs_velvet.fa,5,5;369;558;nan,5;369;558;539;nan
GPS_all_assemblies/14936_4#42.contigs_velvet.fa,5,5;369;558;nan,5;369;558;539;nan
GPS_all_assemblies/15191_8#41.contigs_velvet.fa,5,5;369;558;nan,5;369;558;539;nan
GPS_all_assemblies/15531_2#62.contigs_velvet.fa,5,5;369;558;nan,5;369;558;539;nan
GPS_all_assemblies/15682_5#46.contigs_velvet.fa,5,5;369;558;nan,5;369;558;539;nan
GPS_all_assemblies/15841_4#19.contigs_velvet.fa,5,5;369;558;nan,5;369;558;539;nan
GPS_all_assemblies/15873_6#70.contigs_velvet.fa,5,5;369;558;nan,5;369;558;539;nan
GPS_all_assemblies/15873_6#82.contigs_velvet.fa,5,5;369;558;nan,5;369;558;539;nan
GPS_all_assemblies/15940_7#37.contigs_velvet.fa,5,5;369;558;nan,5;369;558;539;nan
GPS_all_assemblies/15940_7#72.contigs_velvet.fa,5,5;369;558;nan,5;369;558;539;nan
GPS_all_assemblies/16288_5#26.contigs_velvet.fa,5,5;369;558;nan,5;369;558;539;nan
GPS_all_assemblies/17175_7#64.contigs_velvet.fa,5,5;369;558;nan,5;369;558;539;nan
GPS_all_assemblies/17175_8#68.contigs_velvet.fa,5,5;369;558;nan,5;369;558;539;nan
GPS_all_assemblies/17428_8#31.contigs_velvet.fa,5,5;369;558;nan,5;369;558;539;nan
GPS_all_assemblies/17794_8#143.contigs_velvet.fa,5,5;369;558;nan,5;369;558;539;nan
GPS_all_assemblies/17870_8#185.contigs_velvet.fa,5,5;369;558;nan,5;369;558;539;nan
GPS_all_assemblies/17966_5#169.contigs_velvet.fa,5,5;369;558;nan,5;369;558;539;nan
GPS_all_assemblies/18456_1#74.contigs_velvet.fa,5,5;369;558;nan,5;369;558;539;nan
GPS_all_assemblies/19084_8#114.contigs_velvet.fa,5,5;369;558;nan,5;369;558;539;nan
GPS_all_assemblies/19183_3#45.contigs_velvet.fa,5,5;369;558;nan,5;369;558;539;nan
GPS_all_assemblies/21127_2#106.contigs_velvet.fa,5,5;369;558;nan,5;369;558;539;nan
GPS_all_assemblies/21999_8#167.contigs_velvet.fa,5,5;369;558;nan,5;369;558;539;nan
GPS_all_assemblies/22027_1#149.contigs_velvet.fa,5,5;369;558;nan,5;369;558;539;nan
GPS_all_assemblies/22667_8#7.contigs_velvet.fa,5,5;369;558;nan,5;369;558;539;nan
GPS_all_assemblies/23164_8#83.contigs_velvet.fa,5,5;369;558;nan,5;369;558;539;nan
GPS_all_assemblies/23733_1#113.contigs_velvet.fa,5,5;369;558;nan,5;369;558;539;nan
GPS_all_assemblies/24820_2#298.contigs_velvet.fa,5,5;369;558;nan,5;369;558;539;nan
GPS_all_assemblies/24861_1#100.contigs_velvet.fa,5,5;369;558;nan,5;369;558;539;nan
GPS_all_assemblies/24861_1#43.contigs_velvet.fa,5,5;369;558;nan,5;369;558;539;nan
GPS_all_assemblies/28042_2#197.contigs_velvet.fa,5,5;369;558;nan,5;369;558;539;nan
GPS_all_assemblies/28042_2#46.contigs_velvet.fa,5,5;369;558;nan,5;369;558;539;nan
GPS_all_assemblies/8016_3#77.contigs_velvet.fa,5,5;369;558;nan,5;369;558;539;nan
GPS_all_assemblies/9221_5#49.contigs_velvet.fa,5,5;369;558;nan,5;369;558;539;nan
GPS_all_assemblies/9221_5#58.contigs_velvet.fa,5,5;369;558;nan,5;369;558;539;nan
GPS_all_assemblies/9262_4#92.contigs_velvet.fa,5,5;369;558;nan,5;369;558;539;nan
GPS_all_assemblies/9789_4#28.contigs_velvet.fa,5,5;369;558;nan,5;369;558;539;nan
GPS_all_assemblies/9950_1#37.contigs_velvet.fa,5,5;369;558;nan,5;369;558;539;nan
/home/debian/GPSC/28177_3#368.contigs_velvet.fa,5,5;369;558;nan,5;369;558;539;nan
/home/debian/GPSC/28184_2#27.contigs_velvet.fa,5,5;369;558;nan,5;369;558;539;nan
GPS_all_assemblies/22027_1#32.contigs_velvet.fa,6,nan,nan
GPS_all_assemblies/11826_3#69.contigs_velvet.fa,7,nan,nan
GPS_all_assemblies/14520_8#67.contigs_velvet.fa,7,nan,nan
GPS_all_assemblies/15191_8#35.contigs_velvet.fa,7,nan,nan
GPS_all_assemblies/15608_2#1.contigs_velvet.fa,7,nan,nan
GPS_all_assemblies/15873_4#45.contigs_velvet.fa,7,nan,nan
GPS_all_assemblies/15940_4#4.contigs_velvet.fa,7,nan,nan
GPS_all_assemblies/21903_8#359.contigs_velvet.fa,7,nan,nan
GPS_all_assemblies/21946_6#13.contigs_velvet.fa,7,nan,nan
GPS_all_assemblies/23495_7#48.contigs_velvet.fa,7,nan,nan
GPS_all_assemblies/6551_7#19.contigs_velvet.fa,7,nan,nan
GPS_all_assemblies/7068_2#48.contigs_velvet.fa,8,nan,nan
GPS_all_assemblies/11791_1#50.contigs_velvet.fa,9,nan,nan
GPS_all_assemblies/13682_1#36.contigs_velvet.fa,9,nan,nan
GPS_all_assemblies/14520_5#10.contigs_velvet.fa,9,nan,nan
GPS_all_assemblies/15378_2#9.contigs_velvet.fa,9,nan,nan
GPS_all_assemblies/15378_4#32.contigs_velvet.fa,9,nan,nan
GPS_all_assemblies/16288_5#74.contigs_velvet.fa,9,nan,nan
GPS_all_assemblies/16453_2#73.contigs_velvet.fa,9,nan,nan
GPS_all_assemblies/20402_4#44.contigs_velvet.fa,9,nan,nan
GPS_all_assemblies/4995_5#1.contigs_velvet.fa,9,nan,nan
GPS_all_assemblies/14412_2#13.contigs_velvet.fa,10,nan,nan
GPS_all_assemblies/17794_7#119.contigs_velvet.fa,10,nan,nan
GPS_all_assemblies/18090_1#135.contigs_velvet.fa,10,nan,nan
GPS_all_assemblies/22335_7#47.contigs_velvet.fa,10,nan,nan
GPS_all_assemblies/22335_8#118.contigs_velvet.fa,10,nan,nan
GPS_all_assemblies/22841_2#70.contigs_velvet.fa,10,nan,nan
GPS_all_assemblies/22841_4#62.contigs_velvet.fa,10,nan,nan
GPS_all_assemblies/24371_8#232.contigs_velvet.fa,10,nan,nan
GPS_all_assemblies/24775_1#189.contigs_velvet.fa,10,nan,nan
GPS_all_assemblies/28042_2#187.contigs_velvet.fa,10,nan,nan
GPS_all_assemblies/6736_8#15.contigs_velvet.fa,10,nan,nan
GPS_all_assemblies/6755_2#15.contigs_velvet.fa,10,nan,nan
GPS_all_assemblies/12291_2#34.contigs_velvet.fa,11,nan,nan
GPS_all_assemblies/15873_8#14.contigs_velvet.fa,11,nan,nan
GPS_all_assemblies/19084_8#71.contigs_velvet.fa,11,nan,nan
GPS_all_assemblies/21127_2#92.contigs_velvet.fa,11,nan,nan
GPS_all_assemblies/22695_3#79.contigs_velvet.fa,11,nan,nan
GPS_all_assemblies/23584_8#61.contigs_velvet.fa,11,nan,nan
GPS_all_assemblies/6486_8#8.contigs_velvet.fa,11,nan,nan
GPS_all_assemblies/6512_3#16.contigs_velvet.fa,11,nan,nan
GPS_all_assemblies/11860_4#6.contigs_velvet.fa,12,nan,nan
GPS_all_assemblies/11860_7#39.contigs_velvet.fa,12,nan,nan
GPS_all_assemblies/15940_5#57.contigs_velvet.fa,12,nan,nan
GPS_all_assemblies/19341_2#121.contigs_velvet.fa,12,nan,nan
GPS_all_assemblies/19341_2#155.contigs_velvet.fa,12,nan,nan
GPS_all_assemblies/6805_3#15.contigs_velvet.fa,12,nan,nan
GPS_all_assemblies/10071_4#70.contigs_velvet.fa,13,13;297;450,nan
GPS_all_assemblies/11657_2#5.contigs_velvet.fa,13,13;297;450,nan
GPS_all_assemblies/12162_1#39.contigs_velvet.fa,13,13;297;450,nan
GPS_all_assemblies/12291_6#22.contigs_velvet.fa,13,13;297;450,nan
GPS_all_assemblies/12837_5#3.contigs_velvet.fa,13,13;297;450,nan
GPS_all_assemblies/14257_1#71.contigs_velvet.fa,13,13;297;450,nan
GPS_all_assemblies/14555_4#15.contigs_velvet.fa,13,13;297;450,nan
GPS_all_assemblies/14673_4#39.contigs_velvet.fa,13,13;297;450,nan
GPS_all_assemblies/14673_5#16.contigs_velvet.fa,13,13;297;450,nan
GPS_all_assemblies/14673_5#65.contigs_velvet.fa,13,13;297;450,nan
GPS_all_assemblies/14673_6#36.contigs_velvet.fa,13,13;297;450,nan
GPS_all_assemblies/14723_2#95.contigs_velvet.fa,13,13;297;450,nan
GPS_all_assemblies/15378_2#13.contigs_velvet.fa,13,13;297;450,nan
GPS_all_assemblies/15531_4#7.contigs_velvet.fa,13,13;297;450,nan
GPS_all_assemblies/15608_3#90.contigs_velvet.fa,13,13;297;450,nan
GPS_all_assemblies/15608_4#49.contigs_velvet.fa,13,13;297;450,nan
GPS_all_assemblies/15841_1#14.contigs_velvet.fa,13,13;297;450,nan
GPS_all_assemblies/15841_1#43.contigs_velvet.fa,13,13;297;450,nan
GPS_all_assemblies/15874_8#12.contigs_velvet.fa,13,13;297;450,nan
GPS_all_assemblies/16043_2#81.contigs_velvet.fa,13,13;297;450,nan
GPS_all_assemblies/16288_8#42.contigs_velvet.fa,13,13;297;450,nan
GPS_all_assemblies/17059_8#80.contigs_velvet.fa,13,13;297;450,nan
GPS_all_assemblies/17138_3#37.contigs_velvet.fa,13,13;297;450,nan
GPS_all_assemblies/17870_8#87.contigs_velvet.fa,13,13;297;450,nan
GPS_all_assemblies/18090_1#18.contigs_velvet.fa,13,13;297;450,nan
GPS_all_assemblies/19084_8#18.contigs_velvet.fa,13,13;297;450,nan
GPS_all_assemblies/22335_7#38.contigs_velvet.fa,13,13;297;450,nan
GPS_all_assemblies/22841_2#182.contigs_velvet.fa,13,13;297;450,nan
GPS_all_assemblies/23430_2#148.contigs_velvet.fa,13,13;297;450,nan
GPS_all_assemblies/24775_1#45.contigs_velvet.fa,13,13;297;450,nan
GPS_all_assemblies/9789_2#64.contigs_velvet.fa,13,13;297;450,nan
GPS_all_assemblies/9789_5#91.contigs_velvet.fa,13,13;297;450,nan
GPS_all_assemblies/12837_4#8.contigs_velvet.fa,14,nan,nan
GPS_all_assemblies/7213_4#54.contigs_velvet.fa,14,nan,nan
GPS_all_assemblies/12291_4#50.contigs_velvet.fa,15,nan,nan
GPS_all_assemblies/11861_1#89.contigs_velvet.fa,16,nan,nan
GPS_all_assemblies/11861_5#46.contigs_velvet.fa,16,nan,nan
GPS_all_assemblies/13415_8#33.contigs_velvet.fa,16,nan,nan
GPS_all_assemblies/14673_1#20.contigs_velvet.fa,16,nan,nan
GPS_all_assemblies/15277_1#56.contigs_velvet.fa,16,nan,nan
GPS_all_assemblies/17175_7#77.contigs_velvet.fa,16,nan,nan
GPS_all_assemblies/18090_2#93.contigs_velvet.fa,16,nan,nan
GPS_all_assemblies/18623_5#57.contigs_velvet.fa,16,nan,nan
GPS_all_assemblies/19084_8#4.contigs_velvet.fa,16,nan,nan
GPS_all_assemblies/21127_2#124.contigs_velvet.fa,16,nan,nan
GPS_all_assemblies/21999_8#97.contigs_velvet.fa,16,nan,nan
GPS_all_assemblies/22841_2#47.contigs_velvet.fa,16,nan,nan
GPS_all_assemblies/6515_8#21.contigs_velvet.fa,16,nan,nan
GPS_all_assemblies/13415_5#41.contigs_velvet.fa,17,nan,nan
GPS_all_assemblies/14913_2#85.contigs_velvet.fa,17,nan,nan
GPS_all_assemblies/17150_6#69.contigs_velvet.fa,17,nan,nan
GPS_all_assemblies/23495_7#67.contigs_velvet.fa,17,nan,nan
GPS_all_assemblies/10050_2#33.contigs_velvet.fa,18,nan,nan
GPS_all_assemblies/10071_4#62.contigs_velvet.fa,18,nan,nan
GPS_all_assemblies/10900_6#96.contigs_velvet.fa,18,nan,nan
GPS_all_assemblies/11860_5#62.contigs_velvet.fa,18,nan,nan
GPS_all_assemblies/13415_4#39.contigs_velvet.fa,18,nan,nan
GPS_all_assemblies/13415_7#77.contigs_velvet.fa,18,nan,nan
GPS_all_assemblies/13710_2#61.contigs_velvet.fa,18,nan,nan
GPS_all_assemblies/15191_5#56.contigs_velvet.fa,18,nan,nan
GPS_all_assemblies/15940_7#33.contigs_velvet.fa,18,nan,nan
GPS_all_assemblies/16043_2#45.contigs_velvet.fa,18,nan,nan
GPS_all_assemblies/21127_1#159.contigs_velvet.fa,18,nan,nan
GPS_all_assemblies/21999_8#57.contigs_velvet.fa,18,nan,nan
GPS_all_assemblies/24775_1#63.contigs_velvet.fa,18,nan,nan
GPS_all_assemblies/24820_2#246.contigs_velvet.fa,18,nan,nan
GPS_all_assemblies/6470_4#19.contigs_velvet.fa,18,nan,nan
GPS_all_assemblies/7622_2#23.contigs_velvet.fa,18,nan,nan
GPS_all_assemblies/7622_3#61.contigs_velvet.fa,18,nan,nan
GPS_all_assemblies/9950_1#26.contigs_velvet.fa,18,nan,nan
GPS_all_assemblies/9950_3#90.contigs_velvet.fa,19,nan,nan
GPS_all_assemblies/9803_8#56.contigs_velvet.fa,20,nan,nan
GPS_all_assemblies/14566_4#15.contigs_velvet.fa,21,nan,nan
GPS_all_assemblies/15841_1#65.contigs_velvet.fa,21,nan,nan
GPS_all_assemblies/15995_1#98.contigs_velvet.fa,21,nan,nan
GPS_all_assemblies/17175_6#35.contigs_velvet.fa,21,nan,nan
GPS_all_assemblies/17870_8#16.contigs_velvet.fa,21,nan,nan
GPS_all_assemblies/17966_5#52.contigs_velvet.fa,21,nan,nan
GPS_all_assemblies/7068_6#52.contigs_velvet.fa,21,nan,nan
GPS_all_assemblies/9789_2#74.contigs_velvet.fa,21,nan,nan
GPS_all_assemblies/12837_4#1.contigs_velvet.fa,22,22;600,nan
GPS_all_assemblies/13415_4#86.contigs_velvet.fa,22,22;600,nan
GPS_all_assemblies/13470_1#15.contigs_velvet.fa,22,22;600,nan
GPS_all_assemblies/14913_6#31.contigs_velvet.fa,22,22;600,nan
GPS_all_assemblies/15378_3#37.contigs_velvet.fa,22,22;600,nan
GPS_all_assemblies/15378_3#82.contigs_velvet.fa,22,22;600,nan
GPS_all_assemblies/15841_2#52.contigs_velvet.fa,22,22;600,nan
GPS_all_assemblies/15995_2#168.contigs_velvet.fa,22,22;600,nan
GPS_all_assemblies/17059_8#19.contigs_velvet.fa,22,22;600,nan
GPS_all_assemblies/17138_4#84.contigs_velvet.fa,22,22;600,nan
GPS_all_assemblies/17175_4#15.contigs_velvet.fa,22,22;600,nan
GPS_all_assemblies/17966_5#15.contigs_velvet.fa,22,22;600,nan
GPS_all_assemblies/19646_1#108.contigs_velvet.fa,22,22;600,nan
GPS_all_assemblies/23430_2#162.contigs_velvet.fa,22,22;600,nan
GPS_all_assemblies/24371_8#9.contigs_velvet.fa,22,22;600,nan
GPS_all_assemblies/11511_7#29.contigs_velvet.fa,23,23;362,nan
GPS_all_assemblies/11511_7#51.contigs_velvet.fa,23,23;362,nan
GPS_all_assemblies/11657_8#60.contigs_velvet.fa,23,23;362,nan
GPS_all_assemblies/12274_5#61.contigs_velvet.fa,23,23;362,nan
GPS_all_assemblies/12291_2#77.contigs_velvet.fa,23,23;362,nan
GPS_all_assemblies/12291_3#13.contigs_velvet.fa,23,23;362,nan
GPS_all_assemblies/14520_7#53.contigs_velvet.fa,23,23;362,nan
GPS_all_assemblies/14520_7#91.contigs_velvet.fa,23,23;362,nan
GPS_all_assemblies/14673_1#32.contigs_velvet.fa,23,23;362,nan
GPS_all_assemblies/15531_7#34.contigs_velvet.fa,23,23;362,nan
GPS_all_assemblies/15682_3#24.contigs_velvet.fa,23,23;362,nan
GPS_all_assemblies/15873_8#27.contigs_velvet.fa,23,23;362,nan
GPS_all_assemblies/15874_8#6.contigs_velvet.fa,23,23;362,nan
GPS_all_assemblies/16453_2#2.contigs_velvet.fa,23,23;362,nan
GPS_all_assemblies/17794_7#98.contigs_velvet.fa,23,23;362,nan
GPS_all_assemblies/19341_1#108.contigs_velvet.fa,23,23;362,nan
GPS_all_assemblies/23430_2#38.contigs_velvet.fa,23,23;362,nan
GPS_all_assemblies/6570_3#12.contigs_velvet.fa,23,23;362,nan
GPS_all_assemblies/6930_8#4.contigs_velvet.fa,23,23;362,nan
GPS_all_assemblies/7004_7#58.contigs_velvet.fa,23,23;362,nan
GPS_all_assemblies/7054_4#23.contigs_velvet.fa,23,23;362,nan
GPS_all_assemblies/8016_3#90.contigs_velvet.fa,23,23;362,nan
GPS_all_assemblies/9870_5#15.contigs_velvet.fa,23,23;362,nan
GPS_all_assemblies/9870_5#76.contigs_velvet.fa,23,23;362,nan
GPS_all_assemblies/9950_2#77.contigs_velvet.fa,23,23;362,nan
GPS_all_assemblies/10050_2#7.contigs_velvet.fa,24,24;100;476,nan
GPS_all_assemblies/10678_7#33.contigs_velvet.fa,24,24;100;476,nan
GPS_all_assemblies/11860_4#39.contigs_velvet.fa,24,24;100;476,nan
GPS_all_assemblies/12378_4#35.contigs_velvet.fa,24,24;100;476,nan
GPS_all_assemblies/13091_1#14.contigs_velvet.fa,24,24;100;476,nan
GPS_all_assemblies/14673_2#2.contigs_velvet.fa,24,24;100;476,nan
GPS_all_assemblies/15682_1#21.contigs_velvet.fa,24,24;100;476,nan
GPS_all_assemblies/16043_2#80.contigs_velvet.fa,24,24;100;476,nan
GPS_all_assemblies/19787_5#28.contigs_velvet.fa,24,24;100;476,nan
GPS_all_assemblies/6472_5#8.contigs_velvet.fa,24,24;100;476,nan
GPS_all_assemblies/6472_7#21.contigs_velvet.fa,24,24;100;476,nan
GPS_all_assemblies/6680_7#19.contigs_velvet.fa,24,24;100;476,nan
GPS_all_assemblies/6805_5#12.contigs_velvet.fa,24,24;100;476,nan
GPS_all_assemblies/9950_1#75.contigs_velvet.fa,24,24;100;476,nan
GPS_all_assemblies/14566_5#35.contigs_velvet.fa,25,nan,nan
GPS_all_assemblies/14723_6#46.contigs_velvet.fa,26,nan,nan
GPS_all_assemblies/17138_3#50.contigs_velvet.fa,26,nan,nan
GPS_all_assemblies/21053_8#15.contigs_velvet.fa,26,nan,nan
GPS_all_assemblies/24371_8#130.contigs_velvet.fa,26,nan,nan
GPS_all_assemblies/28042_2#193.contigs_velvet.fa,26,nan,nan
GPS_all_assemblies/11826_1#78.contigs_velvet.fa,27,nan,nan
GPS_all_assemblies/11860_6#28.contigs_velvet.fa,27,nan,nan
GPS_all_assemblies/11861_5#79.contigs_velvet.fa,27,nan,nan
GPS_all_assemblies/15940_2#4.contigs_velvet.fa,27,nan,nan
GPS_all_assemblies/24276_2#134.contigs_velvet.fa,28,nan,nan
GPS_all_assemblies/6710_7#13.contigs_velvet.fa,28,nan,nan
GPS_all_assemblies/6710_7#9.contigs_velvet.fa,28,nan,nan
GPS_all_assemblies/22027_1#132.contigs_velvet.fa,29,nan,nan
GPS_all_assemblies/22984_8#19.contigs_velvet.fa,29,nan,nan
GPS_all_assemblies/23584_8#173.contigs_velvet.fa,29,nan,nan
GPS_all_assemblies/24861_1#95.contigs_velvet.fa,29,nan,nan
GPS_all_assemblies/15531_2#50.contigs_velvet.fa,30,nan,nan
GPS_all_assemblies/17150_6#19.contigs_velvet.fa,30,nan,nan
GPS_all_assemblies/21523_1#102.contigs_velvet.fa,30,nan,nan
GPS_all_assemblies/9716_7#26.contigs_velvet.fa,30,nan,nan
GPS_all_assemblies/21053_8#78.contigs_velvet.fa,31,nan,nan
GPS_all_assemblies/12162_1#61.contigs_velvet.fa,32,nan,nan
GPS_all_assemblies/14936_4#73.contigs_velvet.fa,32,nan,nan
GPS_all_assemblies/17794_7#19.contigs_velvet.fa,32,nan,nan
GPS_all_assemblies/21999_7#147.contigs_velvet.fa,32,nan,nan
GPS_all_assemblies/24977_8#285.contigs_velvet.fa,32,nan,nan
GPS_all_assemblies/28042_2#348.contigs_velvet.fa,32,nan,nan
GPS_all_assemblies/15841_4#29.contigs_velvet.fa,33,nan,nan
GPS_all_assemblies/15378_2#45.contigs_velvet.fa,34,nan,nan
GPS_all_assemblies/15378_4#14.contigs_velvet.fa,34,nan,nan
GPS_all_assemblies/15841_1#76.contigs_velvet.fa,34,nan,nan
GPS_all_assemblies/15841_1#86.contigs_velvet.fa,34,nan,nan
GPS_all_assemblies/15873_4#42.contigs_velvet.fa,34,nan,nan
GPS_all_assemblies/9221_3#61.contigs_velvet.fa,34,nan,nan
GPS_all_assemblies/11861_2#37.contigs_velvet.fa,35,nan,nan
GPS_all_assemblies/22695_3#214.contigs_velvet.fa,35,nan,nan
GPS_all_assemblies/12274_5#39.contigs_velvet.fa,36,nan,nan
GPS_all_assemblies/16453_3#67.contigs_velvet.fa,36,nan,nan
GPS_all_assemblies/13415_5#87.contigs_velvet.fa,37,37;74;141;491;nan,37;74;141;491;509;nan
GPS_all_assemblies/13415_7#26.contigs_velvet.fa,37,37;74;141;491;nan,37;74;141;491;509;nan
GPS_all_assemblies/14723_1#58.contigs_velvet.fa,37,37;74;141;491;nan,37;74;141;491;509;nan
GPS_all_assemblies/21127_2#37.contigs_velvet.fa,37,37;74;141;491;nan,37;74;141;491;509;nan
GPS_all_assemblies/24861_1#126.contigs_velvet.fa,37,37;74;141;491;nan,37;74;141;491;509;nan
GPS_all_assemblies/13415_4#77.contigs_velvet.fa,37,37;74;141;491;nan,37;74;141;491;509;nan
GPS_all_assemblies/14257_1#59.contigs_velvet.fa,37,37;74;141;491;nan,37;74;141;491;509;nan
GPS_all_assemblies/16288_3#10.contigs_velvet.fa,37,37;74;141;491;nan,37;74;141;491;509;nan
GPS_all_assemblies/17138_5#43.contigs_velvet.fa,37,37;74;141;491;nan,37;74;141;491;509;nan
GPS_all_assemblies/17175_6#78.contigs_velvet.fa,37,37;74;141;491;nan,37;74;141;491;509;nan
GPS_all_assemblies/23430_1#134.contigs_velvet.fa,37,37;74;141;491;nan,37;74;141;491;509;nan
GPS_all_assemblies/24371_8#281.contigs_velvet.fa,37,37;74;141;491;nan,37;74;141;491;509;nan
GPS_all_assemblies/24861_1#306.contigs_velvet.fa,37,37;74;141;491;nan,37;74;141;491;509;nan
GPS_all_assemblies/6680_4#19.contigs_velvet.fa,37,37;74;141;491;nan,37;74;141;491;509;nan
GPS_all_assemblies/6925_7#24.contigs_velvet.fa,37,37;74;141;491;nan,37;74;141;491;509;nan
GPS_all_assemblies/7068_4#20.contigs_velvet.fa,37,37;74;141;491;nan,37;74;141;491;509;nan
GPS_all_assemblies/12291_4#83.contigs_velvet.fa,38,nan,nan
GPS_all_assemblies/13414_8#4.contigs_velvet.fa,38,nan,nan
GPS_all_assemblies/14673_2#59.contigs_velvet.fa,38,nan,nan
GPS_all_assemblies/11860_4#13.contigs_velvet.fa,39,nan,nan
GPS_all_assemblies/14913_6#17.contigs_velvet.fa,40,40;610,nan
GPS_all_assemblies/15378_2#26.contigs_velvet.fa,40,40;610,nan
GPS_all_assemblies/15378_2#62.contigs_velvet.fa,40,40;610,nan
GPS_all_assemblies/15531_3#24.contigs_velvet.fa,40,40;610,nan
GPS_all_assemblies/15682_3#41.contigs_velvet.fa,40,40;610,nan
GPS_all_assemblies/23164_8#167.contigs_velvet.fa,40,40;610,nan
GPS_all_assemblies/6259_8#1.contigs_velvet.fa,40,40;610,nan
GPS_all_assemblies/6710_7#7.contigs_velvet.fa,40,40;610,nan
GPS_all_assemblies/6730_7#24.contigs_velvet.fa,40,40;610,nan
GPS_all_assemblies/9262_3#38.contigs_velvet.fa,40,40;610,nan
GPS_all_assemblies/12837_3#57.contigs_velvet.fa,41,nan,nan
GPS_all_assemblies/13415_8#18.contigs_velvet.fa,41,nan,nan
GPS_all_assemblies/8016_3#21.contigs_velvet.fa,41,nan,nan
GPS_all_assemblies/8016_3#44.contigs_velvet.fa,41,nan,nan
GPS_all_assemblies/6641_6#15.contigs_velvet.fa,42,nan,nan
GPS_all_assemblies/6649_8#16.contigs_velvet.fa,42,nan,nan
GPS_all_assemblies/6714_8#23.contigs_velvet.fa,42,nan,nan
GPS_all_assemblies/6730_1#21.contigs_velvet.fa,42,nan,nan
GPS_all_assemblies/6755_1#14.contigs_velvet.fa,42,nan,nan
GPS_all_assemblies/6925_7#4.contigs_velvet.fa,42,nan,nan
GPS_all_assemblies/6938_3#28.contigs_velvet.fa,42,nan,nan
GPS_all_assemblies/6972_3#17.contigs_velvet.fa,42,nan,nan
GPS_all_assemblies/7038_6#15.contigs_velvet.fa,42,nan,nan
GPS_all_assemblies/14410_4#39.contigs_velvet.fa,43,nan,nan
GPS_all_assemblies/15682_3#5.contigs_velvet.fa,43,nan,nan
GPS_all_assemblies/15995_2#135.contigs_velvet.fa,43,nan,nan
GPS_all_assemblies/16288_4#38.contigs_velvet.fa,43,nan,nan
GPS_all_assemblies/17175_6#27.contigs_velvet.fa,43,nan,nan
GPS_all_assemblies/17175_7#7.contigs_velvet.fa,43,nan,nan
GPS_all_assemblies/19646_1#69.contigs_velvet.fa,43,nan,nan
GPS_all_assemblies/22335_7#46.contigs_velvet.fa,43,nan,nan
GPS_all_assemblies/22841_3#46.contigs_velvet.fa,43,nan,nan
GPS_all_assemblies/24775_1#54.contigs_velvet.fa,43,nan,nan
GPS_all_assemblies/24936_1#10.contigs_velvet.fa,43,nan,nan
GPS_all_assemblies/7004_7#63.contigs_velvet.fa,43,nan,nan
GPS_all_assemblies/11658_2#11.contigs_velvet.fa,44,nan,nan
GPS_all_assemblies/12274_5#57.contigs_velvet.fa,44,nan,nan
GPS_all_assemblies/12299_2#48.contigs_velvet.fa,44,nan,nan
GPS_all_assemblies/20427_5#18.contigs_velvet.fa,44,nan,nan
GPS_all_assemblies/21485_1#33.contigs_velvet.fa,44,nan,nan
GPS_all_assemblies/11860_7#30.contigs_velvet.fa,45,nan,nan
GPS_all_assemblies/15940_1#56.contigs_velvet.fa,45,nan,nan
GPS_all_assemblies/15940_3#9.contigs_velvet.fa,45,nan,nan
GPS_all_assemblies/15995_1#90.contigs_velvet.fa,45,nan,nan
GPS_all_assemblies/16288_7#39.contigs_velvet.fa,45,nan,nan
GPS_all_assemblies/23430_2#32.contigs_velvet.fa,45,nan,nan
GPS_all_assemblies/23430_4#70.contigs_velvet.fa,45,nan,nan
GPS_all_assemblies/24775_1#181.contigs_velvet.fa,45,nan,nan
GPS_all_assemblies/6470_6#2.contigs_velvet.fa,45,nan,nan
GPS_all_assemblies/6486_5#7.contigs_velvet.fa,45,nan,nan
GPS_all_assemblies/6630_4#17.contigs_velvet.fa,45,nan,nan
GPS_all_assemblies/6925_6#11.contigs_velvet.fa,45,nan,nan
GPS_all_assemblies/6938_5#8.contigs_velvet.fa,45,nan,nan
GPS_all_assemblies/9950_1#69.contigs_velvet.fa,45,nan,nan
GPS_all_assemblies/20427_5#52.contigs_velvet.fa,46,nan,nan
GPS_all_assemblies/14520_6#12.contigs_velvet.fa,47,nan,nan
GPS_all_assemblies/19341_2#82.contigs_velvet.fa,47,nan,nan
GPS_all_assemblies/21127_1#120.contigs_velvet.fa,47,nan,nan
GPS_all_assemblies/21242_2#123.contigs_velvet.fa,47,nan,nan
GPS_all_assemblies/22841_4#154.contigs_velvet.fa,47,nan,nan
GPS_all_assemblies/11861_5#67.contigs_velvet.fa,48,nan,nan
GPS_all_assemblies/15995_2#55.contigs_velvet.fa,48,nan,nan
GPS_all_assemblies/23204_4#103.contigs_velvet.fa,48,nan,nan
GPS_all_assemblies/23204_4#167.contigs_velvet.fa,48,nan,nan
GPS_all_assemblies/23430_1#78.contigs_velvet.fa,48,nan,nan
GPS_all_assemblies/6807_3#4.contigs_velvet.fa,48,nan,nan
GPS_all_assemblies/7054_4#14.contigs_velvet.fa,48,nan,nan
GPS_all_assemblies/12291_5#68.contigs_velvet.fa,49,49;472,nan
GPS_all_assemblies/14566_6#67.contigs_velvet.fa,49,49;472,nan
GPS_all_assemblies/15608_4#44.contigs_velvet.fa,49,49;472,nan
GPS_all_assemblies/15682_1#31.contigs_velvet.fa,49,49;472,nan
GPS_all_assemblies/15841_5#1.contigs_velvet.fa,49,49;472,nan
GPS_all_assemblies/15874_1#7.contigs_velvet.fa,49,49;472,nan
GPS_all_assemblies/15995_2#131.contigs_velvet.fa,49,49;472,nan
GPS_all_assemblies/16399_8#63.contigs_velvet.fa,49,49;472,nan
GPS_all_assemblies/5192_8#11.contigs_velvet.fa,49,49;472,nan
GPS_all_assemblies/6512_7#8.contigs_velvet.fa,49,49;472,nan
GPS_all_assemblies/15682_7#85.contigs_velvet.fa,50,nan,nan
GPS_all_assemblies/19084_8#154.contigs_velvet.fa,50,nan,nan
GPS_all_assemblies/22027_1#138.contigs_velvet.fa,50,nan,nan
GPS_all_assemblies/22027_1#73.contigs_velvet.fa,50,nan,nan
GPS_all_assemblies/15841_1#52.contigs_velvet.fa,51,nan,nan
GPS_all_assemblies/14257_1#68.contigs_velvet.fa,52,nan,nan
GPS_all_assemblies/15731_8#89.contigs_velvet.fa,52,nan,nan
GPS_all_assemblies/15841_6#46.contigs_velvet.fa,52,nan,nan
GPS_all_assemblies/15995_2#129.contigs_velvet.fa,52,nan,nan
GPS_all_assemblies/17059_7#44.contigs_velvet.fa,52,nan,nan
GPS_all_assemblies/17794_7#12.contigs_velvet.fa,52,nan,nan
GPS_all_assemblies/21485_1#17.contigs_velvet.fa,52,nan,nan
GPS_all_assemblies/17428_8#124.contigs_velvet.fa,53,nan,nan
GPS_all_assemblies/14410_8#26.contigs_velvet.fa,54,54;208,nan
GPS_all_assemblies/14723_2#42.contigs_velvet.fa,54,54;208,nan
GPS_all_assemblies/14913_5#46.contigs_velvet.fa,54,54;208,nan
GPS_all_assemblies/17870_7#174.contigs_velvet.fa,54,54;208,nan
GPS_all_assemblies/21242_6#76.contigs_velvet.fa,54,54;208,nan
GPS_all_assemblies/22335_7#88.contigs_velvet.fa,54,54;208,nan
GPS_all_assemblies/24371_8#244.contigs_velvet.fa,54,54;208,nan
GPS_all_assemblies/28042_2#320.contigs_velvet.fa,54,54;208,nan
GPS_all_assemblies/22841_2#93.contigs_velvet.fa,55,nan,nan
GPS_all_assemblies/13470_1#48.contigs_velvet.fa,56,nan,nan
GPS_all_assemblies/14673_6#25.contigs_velvet.fa,56,nan,nan
GPS_all_assemblies/14913_2#62.contigs_velvet.fa,56,nan,nan
GPS_all_assemblies/19646_1#52.contigs_velvet.fa,56,nan,nan
GPS_all_assemblies/20925_3#12.contigs_velvet.fa,56,nan,nan
GPS_all_assemblies/24371_8#61.contigs_velvet.fa,56,nan,nan
GPS_all_assemblies/24371_8#88.contigs_velvet.fa,56,nan,nan
GPS_all_assemblies/4995_6#4.contigs_velvet.fa,56,nan,nan
GPS_all_assemblies/7004_3#20.contigs_velvet.fa,56,nan,nan
GPS_all_assemblies/7553_6#42.contigs_velvet.fa,56,nan,nan
GPS_all_assemblies/13414_1#35.contigs_velvet.fa,57,nan,nan
GPS_all_assemblies/15841_3#11.contigs_velvet.fa,57,nan,nan
GPS_all_assemblies/18456_1#17.contigs_velvet.fa,57,nan,nan
GPS_all_assemblies/21946_6#85.contigs_velvet.fa,57,nan,nan
GPS_all_assemblies/23584_8#64.contigs_velvet.fa,57,nan,nan
GPS_all_assemblies/15531_4#69.contigs_velvet.fa,58,nan,nan
GPS_all_assemblies/15873_4#63.contigs_velvet.fa,58,nan,nan
GPS_all_assemblies/9221_2#40.contigs_velvet.fa,58,nan,nan
GPS_all_assemblies/7001_1#6.contigs_velvet.fa,59,nan,nan
GPS_all_assemblies/22695_3#235.contigs_velvet.fa,60,nan,nan
GPS_all_assemblies/12837_2#16.contigs_velvet.fa,61,61;85,nan
GPS_all_assemblies/13154_2#71.contigs_velvet.fa,61,61;85,nan
GPS_all_assemblies/14520_5#73.contigs_velvet.fa,61,61;85,nan
GPS_all_assemblies/14913_5#61.contigs_velvet.fa,61,61;85,nan
GPS_all_assemblies/15378_4#62.contigs_velvet.fa,61,61;85,nan
GPS_all_assemblies/15940_5#26.contigs_velvet.fa,61,61;85,nan
GPS_all_assemblies/16288_4#3.contigs_velvet.fa,61,61;85,nan
GPS_all_assemblies/17175_4#32.contigs_velvet.fa,61,61;85,nan
GPS_all_assemblies/17428_8#69.contigs_velvet.fa,61,61;85,nan
GPS_all_assemblies/18090_1#159.contigs_velvet.fa,61,61;85,nan
GPS_all_assemblies/19084_7#2.contigs_velvet.fa,61,61;85,nan
GPS_all_assemblies/19341_3#167.contigs_velvet.fa,61,61;85,nan
GPS_all_assemblies/19646_1#130.contigs_velvet.fa,61,61;85,nan
GPS_all_assemblies/21485_1#23.contigs_velvet.fa,61,61;85,nan
GPS_all_assemblies/24371_8#117.contigs_velvet.fa,61,61;85,nan
GPS_all_assemblies/16399_7#56.contigs_velvet.fa,62,nan,nan
GPS_all_assemblies/6938_8#7.contigs_velvet.fa,63,nan,nan
GPS_all_assemblies/14673_2#36.contigs_velvet.fa,64,nan,nan
GPS_all_assemblies/9789_3#80.contigs_velvet.fa,65,nan,nan
GPS_all_assemblies/6259_7#1.contigs_velvet.fa,66,nan,nan
GPS_all_assemblies/6630_4#7.contigs_velvet.fa,66,nan,nan
GPS_all_assemblies/6664_1#21.contigs_velvet.fa,66,nan,nan
GPS_all_assemblies/6680_7#14.contigs_velvet.fa,66,nan,nan
GPS_all_assemblies/6753_2#6.contigs_velvet.fa,66,nan,nan
GPS_all_assemblies/6755_3#8.contigs_velvet.fa,66,nan,nan
GPS_all_assemblies/13414_8#60.contigs_velvet.fa,67,nan,nan
GPS_all_assemblies/24371_8#108.contigs_velvet.fa,67,nan,nan
GPS_all_assemblies/14723_3#72.contigs_velvet.fa,68,nan,nan
GPS_all_assemblies/19341_3#47.contigs_velvet.fa,69,nan,nan
GPS_all_assemblies/23430_2#159.contigs_velvet.fa,69,nan,nan
GPS_all_assemblies/6899_6#22.contigs_velvet.fa,69,nan,nan
GPS_all_assemblies/6938_8#9.contigs_velvet.fa,69,nan,nan
GPS_all_assemblies/22667_7#122.contigs_velvet.fa,70,nan,nan
GPS_all_assemblies/6805_2#24.contigs_velvet.fa,71,nan,nan
GPS_all_assemblies/12291_3#7.contigs_velvet.fa,72,nan,nan
GPS_all_assemblies/14566_8#73.contigs_velvet.fa,72,nan,nan
GPS_all_assemblies/15531_7#6.contigs_velvet.fa,72,nan,nan
GPS_all_assemblies/6259_7#12.contigs_velvet.fa,73,nan,nan
GPS_all_assemblies/15873_7#29.contigs_velvet.fa,75,nan,nan
GPS_all_assemblies/12378_4#45.contigs_velvet.fa,76,nan,nan
GPS_all_assemblies/19341_2#145.contigs_velvet.fa,76,nan,nan
GPS_all_assemblies/21127_1#17.contigs_velvet.fa,76,nan,nan
GPS_all_assemblies/9716_7#90.contigs_velvet.fa,76,nan,nan
GPS_all_assemblies/9950_3#44.contigs_velvet.fa,76,nan,nan
GPS_all_assemblies/9953_7#38.contigs_velvet.fa,76,nan,nan
GPS_all_assemblies/14913_3#86.contigs_velvet.fa,77,nan,nan
GPS_all_assemblies/21485_1#50.contigs_velvet.fa,78,nan,nan
GPS_all_assemblies/13470_1#16.contigs_velvet.fa,79,79;380,nan
GPS_all_assemblies/14723_4#10.contigs_velvet.fa,79,79;380,nan
GPS_all_assemblies/9789_4#86.contigs_velvet.fa,79,79;380,nan
GPS_all_assemblies/17794_7#118.contigs_velvet.fa,80,nan,nan
GPS_all_assemblies/15531_6#89.contigs_velvet.fa,81,nan,nan
GPS_all_assemblies/15841_4#84.contigs_velvet.fa,81,nan,nan
GPS_all_assemblies/17150_4#6.contigs_velvet.fa,81,nan,nan
GPS_all_assemblies/17175_4#10.contigs_velvet.fa,81,nan,nan
GPS_all_assemblies/18090_2#105.contigs_velvet.fa,82,nan,nan
GPS_all_assemblies/21485_1#157.contigs_velvet.fa,83,nan,nan
GPS_all_assemblies/14520_6#42.contigs_velvet.fa,84,84;368;560,nan
GPS_all_assemblies/14723_2#50.contigs_velvet.fa,84,84;368;560,nan
GPS_all_assemblies/16288_6#44.contigs_velvet.fa,84,84;368;560,nan
GPS_all_assemblies/16399_7#21.contigs_velvet.fa,84,84;368;560,nan
GPS_all_assemblies/17966_5#158.contigs_velvet.fa,84,84;368;560,nan
GPS_all_assemblies/18090_1#94.contigs_velvet.fa,84,84;368;560,nan
GPS_all_assemblies/19646_1#170.contigs_velvet.fa,84,84;368;560,nan
GPS_all_assemblies/21523_1#76.contigs_velvet.fa,84,84;368;560,nan
GPS_all_assemblies/21999_8#166.contigs_velvet.fa,84,84;368;560,nan
GPS_all_assemblies/24371_8#225.contigs_velvet.fa,84,84;368;560,nan
GPS_all_assemblies/24497_7#42.contigs_velvet.fa,84,84;368;560,nan
GPS_all_assemblies/24497_7#72.contigs_velvet.fa,84,84;368;560,nan
GPS_all_assemblies/28042_2#191.contigs_velvet.fa,84,84;368;560,nan
GPS_all_assemblies/28042_2#272.contigs_velvet.fa,84,84;368;560,nan
GPS_all_assemblies/28042_2#312.contigs_velvet.fa,84,84;368;560,nan
GPS_all_assemblies/6755_1#6.contigs_velvet.fa,84,84;368;560,nan
GPS_all_assemblies/6807_1#12.contigs_velvet.fa,84,84;368;560,nan
GPS_all_assemblies/9221_5#78.contigs_velvet.fa,84,84;368;560,nan
GPS_all_assemblies/9262_4#4.contigs_velvet.fa,84,84;368;560,nan
GPS_all_assemblies/13470_1#49.contigs_velvet.fa,86,nan,nan
GPS_all_assemblies/16288_8#22.contigs_velvet.fa,86,nan,nan
GPS_all_assemblies/23164_8#144.contigs_velvet.fa,86,nan,nan
GPS_all_assemblies/24371_8#304.contigs_velvet.fa,86,nan,nan
GPS_all_assemblies/23430_1#98.contigs_velvet.fa,87,nan,nan
GPS_all_assemblies/6710_8#12.contigs_velvet.fa,87,nan,nan
GPS_all_assemblies/6753_4#21.contigs_velvet.fa,87,nan,nan
GPS_all_assemblies/6755_1#23.contigs_velvet.fa,87,nan,nan
GPS_all_assemblies/17794_7#173.contigs_velvet.fa,88,nan,nan
GPS_all_assemblies/18456_1#40.contigs_velvet.fa,88,nan,nan
GPS_all_assemblies/21523_1#159.contigs_velvet.fa,88,nan,nan
GPS_all_assemblies/22027_1#23.contigs_velvet.fa,88,nan,nan
GPS_all_assemblies/15940_7#34.contigs_velvet.fa,89,nan,nan
GPS_all_assemblies/12291_6#36.contigs_velvet.fa,90,nan,nan
GPS_all_assemblies/12837_5#35.contigs_velvet.fa,90,nan,nan
GPS_all_assemblies/15731_8#58.contigs_velvet.fa,90,nan,nan
GPS_all_assemblies/17175_4#31.contigs_velvet.fa,90,nan,nan
GPS_all_assemblies/17175_6#56.contigs_velvet.fa,90,nan,nan
GPS_all_assemblies/15531_2#83.contigs_velvet.fa,91,nan,nan
GPS_all_assemblies/17870_7#130.contigs_velvet.fa,91,nan,nan
GPS_all_assemblies/21242_6#42.contigs_velvet.fa,91,nan,nan
GPS_all_assemblies/22335_8#97.contigs_velvet.fa,91,nan,nan
GPS_all_assemblies/24497_7#117.contigs_velvet.fa,91,nan,nan
GPS_all_assemblies/28042_2#355.contigs_velvet.fa,91,nan,nan
GPS_all_assemblies/6731_5#16.contigs_velvet.fa,91,nan,nan
GPS_all_assemblies/6983_7#65.contigs_velvet.fa,91,nan,nan
GPS_all_assemblies/17870_7#96.contigs_velvet.fa,92,nan,nan
GPS_all_assemblies/14913_4#45.contigs_velvet.fa,93,nan,nan
GPS_all_assemblies/15531_5#38.contigs_velvet.fa,94,nan,nan
GPS_all_assemblies/19341_2#167.contigs_velvet.fa,95,nan,nan
GPS_all_assemblies/24936_1#6.contigs_velvet.fa,96,nan,nan
GPS_all_assemblies/11893_8#14.contigs_velvet.fa,97,nan,nan
GPS_all_assemblies/21946_6#245.contigs_velvet.fa,98,nan,nan
GPS_all_assemblies/6512_5#12.contigs_velvet.fa,99,nan,nan
GPS_all_assemblies/16288_4#4.contigs_velvet.fa,101,nan,nan
GPS_all_assemblies/14936_6#73.contigs_velvet.fa,102,nan,nan
GPS_all_assemblies/15531_3#45.contigs_velvet.fa,102,nan,nan
GPS_all_assemblies/17150_5#33.contigs_velvet.fa,102,nan,nan
GPS_all_assemblies/17175_7#57.contigs_velvet.fa,102,nan,nan
GPS_all_assemblies/6406_5#19.contigs_velvet.fa,102,nan,nan
GPS_all_assemblies/6593_2#19.contigs_velvet.fa,102,nan,nan
GPS_all_assemblies/9221_3#46.contigs_velvet.fa,103,nan,nan
GPS_all_assemblies/15378_4#88.contigs_velvet.fa,104,nan,nan
GPS_all_assemblies/16288_3#73.contigs_velvet.fa,104,nan,nan
GPS_all_assemblies/7011_3#15.contigs_velvet.fa,104,nan,nan
GPS_all_assemblies/9870_5#61.contigs_velvet.fa,105,nan,nan
GPS_all_assemblies/16288_6#49.contigs_velvet.fa,106,nan,nan
GPS_all_assemblies/6755_1#17.contigs_velvet.fa,106,nan,nan
GPS_all_assemblies/15682_3#72.contigs_velvet.fa,107,nan,nan
GPS_all_assemblies/16399_5#1.contigs_velvet.fa,108,nan,nan
GPS_all_assemblies/10396_8#25.contigs_velvet.fa,109,nan,nan
GPS_all_assemblies/6983_4#79.contigs_velvet.fa,110,nan,nan
GPS_all_assemblies/15873_8#15.contigs_velvet.fa,111,nan,nan
GPS_all_assemblies/19183_3#70.contigs_velvet.fa,112,nan,nan
GPS_all_assemblies/20925_3#43.contigs_velvet.fa,112,nan,nan
GPS_all_assemblies/9221_5#61.contigs_velvet.fa,112,nan,nan
GPS_all_assemblies/11658_1#86.contigs_velvet.fa,113,113;349,nan
GPS_all_assemblies/13415_8#61.contigs_velvet.fa,113,113;349,nan
GPS_all_assemblies/15682_5#8.contigs_velvet.fa,113,113;349,nan
GPS_all_assemblies/22841_3#163.contigs_velvet.fa,113,113;349,nan
GPS_all_assemblies/13415_6#33.contigs_velvet.fa,114,nan,nan
GPS_all_assemblies/14520_6#35.contigs_velvet.fa,115,nan,nan
GPS_all_assemblies/9950_1#24.contigs_velvet.fa,115,nan,nan
GPS_all_assemblies/14913_4#1.contigs_velvet.fa,116,nan,nan
GPS_all_assemblies/22841_1#30.contigs_velvet.fa,116,nan,nan
GPS_all_assemblies/24371_8#165.contigs_velvet.fa,116,nan,nan
GPS_all_assemblies/4353_1#7.contigs_velvet.fa,116,nan,nan
GPS_all_assemblies/17966_5#86.contigs_velvet.fa,117,nan,nan
GPS_all_assemblies/6259_5#12.contigs_velvet.fa,118,nan,nan
GPS_all_assemblies/6791_6#2.contigs_velvet.fa,118,nan,nan
GPS_all_assemblies/15608_2#20.contigs_velvet.fa,119,nan,nan
GPS_all_assemblies/15608_3#17.contigs_velvet.fa,119,nan,nan
GPS_all_assemblies/19084_8#153.contigs_velvet.fa,119,nan,nan
GPS_all_assemblies/16288_4#49.contigs_velvet.fa,120,nan,782;120
GPS_all_assemblies/21242_6#39.contigs_velvet.fa,120,nan,782;120
/home/debian/GPSC/29330_2#377.contigs_velvet.fa,120,nan,782;120
GPS_all_assemblies/22841_3#150.contigs_velvet.fa,121,nan,nan
GPS_all_assemblies/24820_2#89.contigs_velvet.fa,122,nan,nan
GPS_all_assemblies/21127_1#73.contigs_velvet.fa,123,nan,nan
GPS_all_assemblies/11861_1#22.contigs_velvet.fa,124,nan,nan
GPS_all_assemblies/14723_4#48.contigs_velvet.fa,125,nan,nan
GPS_all_assemblies/15841_1#26.contigs_velvet.fa,125,nan,nan
GPS_all_assemblies/11860_5#18.contigs_velvet.fa,126,nan,nan
GPS_all_assemblies/11861_4#76.contigs_velvet.fa,126,nan,nan
GPS_all_assemblies/17138_4#52.contigs_velvet.fa,126,nan,nan
GPS_all_assemblies/22841_4#131.contigs_velvet.fa,126,nan,nan
GPS_all_assemblies/6680_6#23.contigs_velvet.fa,127,nan,nan
GPS_all_assemblies/6840_1#21.contigs_velvet.fa,128,nan,nan
GPS_all_assemblies/14723_3#84.contigs_velvet.fa,129,nan,nan
GPS_all_assemblies/6593_4#2.contigs_velvet.fa,130,nan,nan
GPS_all_assemblies/14936_4#47.contigs_velvet.fa,131,nan,nan
GPS_all_assemblies/7553_5#70.contigs_velvet.fa,132,nan,nan
GPS_all_assemblies/17150_5#30.contigs_velvet.fa,133,nan,nan
GPS_all_assemblies/23430_2#47.contigs_velvet.fa,134,nan,nan
GPS_all_assemblies/6823_1#12.contigs_velvet.fa,134,nan,nan
GPS_all_assemblies/7092_6#18.contigs_velvet.fa,134,nan,nan
GPS_all_assemblies/12299_1#74.contigs_velvet.fa,135,nan,nan
GPS_all_assemblies/13091_6#48.contigs_velvet.fa,136,nan,nan
GPS_all_assemblies/18090_1#120.contigs_velvet.fa,137,nan,nan
GPS_all_assemblies/6972_4#6.contigs_velvet.fa,138,nan,nan
GPS_all_assemblies/22841_4#181.contigs_velvet.fa,139,nan,nan
GPS_all_assemblies/13682_1#32.contigs_velvet.fa,140,nan,nan
GPS_all_assemblies/15940_6#35.contigs_velvet.fa,140,nan,nan
GPS_all_assemblies/13470_1#65.contigs_velvet.fa,142,nan,nan
GPS_all_assemblies/14913_6#62.contigs_velvet.fa,142,nan,nan
GPS_all_assemblies/17059_8#32.contigs_velvet.fa,142,nan,nan
GPS_all_assemblies/23430_1#106.contigs_velvet.fa,142,nan,nan
GPS_all_assemblies/9789_2#49.contigs_velvet.fa,142,nan,nan
GPS_all_assemblies/14723_2#35.contigs_velvet.fa,143,nan,nan
GPS_all_assemblies/6938_4#25.contigs_velvet.fa,143,nan,nan
GPS_all_assemblies/19084_8#75.contigs_velvet.fa,144,nan,nan
GPS_all_assemblies/13414_8#33.contigs_velvet.fa,145,nan,nan
GPS_all_assemblies/22695_3#217.contigs_velvet.fa,146,nan,nan
GPS_all_assemblies/15682_3#52.contigs_velvet.fa,147,nan,nan
GPS_all_assemblies/16399_6#80.contigs_velvet.fa,147,nan,nan
GPS_all_assemblies/23430_4#21.contigs_velvet.fa,147,nan,nan
GPS_all_assemblies/6259_5#14.contigs_velvet.fa,147,nan,nan
GPS_all_assemblies/15995_2#22.contigs_velvet.fa,148,nan,nan
GPS_all_assemblies/24775_1#345.contigs_velvet.fa,149,149;153,nan
GPS_all_assemblies/24936_1#8.contigs_velvet.fa,149,149;153,nan
GPS_all_assemblies/6593_5#3.contigs_velvet.fa,149,149;153,nan
GPS_all_assemblies/9803_8#29.contigs_velvet.fa,149,149;153,nan
GPS_all_assemblies/14520_7#8.contigs_velvet.fa,150,nan,nan
GPS_all_assemblies/21485_1#38.contigs_velvet.fa,150,nan,nan
GPS_all_assemblies/22114_6#69.contigs_velvet.fa,150,nan,nan
GPS_all_assemblies/6755_3#19.contigs_velvet.fa,151,nan,nan
GPS_all_assemblies/18090_2#18.contigs_velvet.fa,152,nan,nan
GPS_all_assemblies/24775_1#80.contigs_velvet.fa,152,nan,nan
GPS_all_assemblies/6755_6#23.contigs_velvet.fa,154,nan,nan
GPS_all_assemblies/6972_8#78.contigs_velvet.fa,155,nan,nan
GPS_all_assemblies/15940_7#27.contigs_velvet.fa,156,nan,nan
GPS_all_assemblies/22841_2#95.contigs_velvet.fa,156,nan,nan
GPS_all_assemblies/10050_2#50.contigs_velvet.fa,157,nan,nan
GPS_all_assemblies/24820_2#14.contigs_velvet.fa,158,nan,nan
GPS_all_assemblies/6673_8#23.contigs_velvet.fa,158,nan,nan
GPS_all_assemblies/15841_3#30.contigs_velvet.fa,159,nan,nan
GPS_all_assemblies/15873_1#7.contigs_velvet.fa,160,nan,nan
GPS_all_assemblies/17794_8#186.contigs_velvet.fa,161,nan,nan
GPS_all_assemblies/12837_3#11.contigs_velvet.fa,162,nan,nan
GPS_all_assemblies/15682_1#87.contigs_velvet.fa,162,nan,nan
GPS_all_assemblies/21053_8#130.contigs_velvet.fa,162,nan,nan
GPS_all_assemblies/21053_8#179.contigs_velvet.fa,162,nan,nan
GPS_all_assemblies/23204_4#183.contigs_velvet.fa,162,nan,nan
GPS_all_assemblies/24977_8#288.contigs_velvet.fa,162,nan,nan
GPS_all_assemblies/15531_4#17.contigs_velvet.fa,163,nan,nan
GPS_all_assemblies/17870_7#88.contigs_velvet.fa,163,nan,nan
GPS_all_assemblies/16399_5#6.contigs_velvet.fa,164,nan,nan
GPS_all_assemblies/6673_8#5.contigs_velvet.fa,165,nan,nan
GPS_all_assemblies/6736_5#7.contigs_velvet.fa,166,nan,nan
GPS_all_assemblies/6805_3#4.contigs_velvet.fa,166,nan,nan
GPS_all_assemblies/6730_8#21.contigs_velvet.fa,167,nan,nan
GPS_all_assemblies/14913_6#66.contigs_velvet.fa,168,nan,nan
GPS_all_assemblies/17150_4#41.contigs_velvet.fa,169,nan,nan
GPS_all_assemblies/16288_3#38.contigs_velvet.fa,170,nan,170;176
GPS_all_assemblies/17966_5#64.contigs_velvet.fa,170,nan,170;176
GPS_all_assemblies/14410_8#19.contigs_velvet.fa,171,nan,nan
GPS_all_assemblies/18456_1#11.contigs_velvet.fa,171,nan,nan
GPS_all_assemblies/15608_4#67.contigs_velvet.fa,172,nan,nan
GPS_all_assemblies/6805_7#19.contigs_velvet.fa,173,nan,nan
GPS_all_assemblies/6840_1#14.contigs_velvet.fa,173,nan,nan
GPS_all_assemblies/7092_6#3.contigs_velvet.fa,174,nan,nan
GPS_all_assemblies/14723_5#4.contigs_velvet.fa,175,175;252,nan
GPS_all_assemblies/17794_4#72.contigs_velvet.fa,175,175;252,nan
GPS_all_assemblies/24861_1#312.contigs_velvet.fa,175,175;252,nan
GPS_all_assemblies/24861_1#316.contigs_velvet.fa,175,175;252,nan
GPS_all_assemblies/12291_2#76.contigs_velvet.fa,177,nan,nan
GPS_all_assemblies/17138_4#89.contigs_velvet.fa,178,nan,nan
GPS_all_assemblies/17175_8#71.contigs_velvet.fa,178,nan,nan
GPS_all_assemblies/17059_7#46.contigs_velvet.fa,179,nan,nan
GPS_all_assemblies/23204_4#184.contigs_velvet.fa,180,nan,nan
GPS_all_assemblies/9789_3#75.contigs_velvet.fa,181,nan,nan
GPS_all_assemblies/19183_3#1.contigs_velvet.fa,182,nan,nan
GPS_all_assemblies/6972_7#28.contigs_velvet.fa,183,nan,nan
GPS_all_assemblies/17870_7#101.contigs_velvet.fa,184,nan,nan
GPS_all_assemblies/20287_5#132.contigs_velvet.fa,184,nan,nan
GPS_all_assemblies/15682_4#73.contigs_velvet.fa,185,nan,nan
GPS_all_assemblies/24775_1#191.contigs_velvet.fa,185,nan,nan
GPS_all_assemblies/6807_1#23.contigs_velvet.fa,186,nan,nan
GPS_all_assemblies/6259_6#14.contigs_velvet.fa,187,nan,nan
GPS_all_assemblies/9803_7#6.contigs_velvet.fa,188,nan,nan
GPS_all_assemblies/10060_1#76.contigs_velvet.fa,189,189;418,nan
GPS_all_assemblies/12291_3#3.contigs_velvet.fa,189,189;418,nan
GPS_all_assemblies/12291_3#90.contigs_velvet.fa,189,189;418,nan
GPS_all_assemblies/9870_5#70.contigs_velvet.fa,189,189;418,nan
GPS_all_assemblies/9950_1#71.contigs_velvet.fa,189,189;418,nan
GPS_all_assemblies/15378_3#17.contigs_velvet.fa,190,nan,nan
GPS_all_assemblies/17966_5#46.contigs_velvet.fa,190,nan,nan
GPS_all_assemblies/14913_5#67.contigs_velvet.fa,191,nan,nan
GPS_all_assemblies/13415_6#14.contigs_velvet.fa,192,nan,nan
GPS_all_assemblies/14555_4#28.contigs_velvet.fa,192,nan,nan
GPS_all_assemblies/15378_2#53.contigs_velvet.fa,193,nan,nan
GPS_all_assemblies/15841_5#11.contigs_velvet.fa,194,nan,nan
GPS_all_assemblies/15874_1#80.contigs_velvet.fa,194,nan,nan
GPS_all_assemblies/17175_8#2.contigs_velvet.fa,194,nan,nan
GPS_all_assemblies/21485_1#98.contigs_velvet.fa,195,nan,nan
GPS_all_assemblies/16288_5#43.contigs_velvet.fa,196,nan,nan
GPS_all_assemblies/21946_6#103.contigs_velvet.fa,197,nan,nan
GPS_all_assemblies/24861_1#344.contigs_velvet.fa,198,nan,nan
GPS_all_assemblies/17175_6#5.contigs_velvet.fa,199,nan,nan
GPS_all_assemblies/22027_1#22.contigs_velvet.fa,200,nan,nan
GPS_all_assemblies/15841_2#71.contigs_velvet.fa,201,nan,nan
GPS_all_assemblies/6972_7#13.contigs_velvet.fa,201,nan,nan
GPS_all_assemblies/17794_8#161.contigs_velvet.fa,202,nan,nan
GPS_all_assemblies/19183_3#34.contigs_velvet.fa,203,203;387,nan
GPS_all_assemblies/23204_4#142.contigs_velvet.fa,203,203;387,nan
GPS_all_assemblies/23430_1#178.contigs_velvet.fa,203,203;387,nan
GPS_all_assemblies/21127_2#1.contigs_velvet.fa,204,nan,nan
GPS_all_assemblies/13415_8#45.contigs_velvet.fa,205,nan,nan
GPS_all_assemblies/14673_5#90.contigs_velvet.fa,206,nan,nan
GPS_all_assemblies/16288_7#57.contigs_velvet.fa,206,nan,nan
GPS_all_assemblies/16288_7#75.contigs_velvet.fa,206,nan,nan
GPS_all_assemblies/17059_8#75.contigs_velvet.fa,207,nan,nan
GPS_all_assemblies/19341_1#166.contigs_velvet.fa,209,nan,nan
GPS_all_assemblies/7068_6#61.contigs_velvet.fa,210,nan,nan
GPS_all_assemblies/19341_3#145.contigs_velvet.fa,211,nan,nan
GPS_all_assemblies/22841_2#17.contigs_velvet.fa,212,nan,nan
GPS_all_assemblies/18090_1#140.contigs_velvet.fa,213,nan,nan
GPS_all_assemblies/6259_8#9.contigs_velvet.fa,214,nan,nan
GPS_all_assemblies/6938_6#6.contigs_velvet.fa,215,nan,nan
GPS_all_assemblies/9789_5#34.contigs_velvet.fa,216,nan,nan
GPS_all_assemblies/15378_4#23.contigs_velvet.fa,217,nan,nan
GPS_all_assemblies/17966_5#44.contigs_velvet.fa,218,nan,nan
GPS_all_assemblies/17794_7#1.contigs_velvet.fa,219,nan,nan
GPS_all_assemblies/15531_6#27.contigs_velvet.fa,220,nan,nan
GPS_all_assemblies/21485_1#22.contigs_velvet.fa,221,nan,nan
GPS_all_assemblies/14520_6#10.contigs_velvet.fa,222,222;399,nan
GPS_all_assemblies/16288_8#50.contigs_velvet.fa,222,222;399,nan
GPS_all_assemblies/24820_2#106.contigs_velvet.fa,222,222;399,nan
GPS_all_assemblies/6791_6#3.contigs_velvet.fa,222,222;399,nan
GPS_all_assemblies/14723_4#44.contigs_velvet.fa,223,nan,nan
GPS_all_assemblies/11791_1#19.contigs_velvet.fa,224,224;296;563,nan
GPS_all_assemblies/14913_7#34.contigs_velvet.fa,224,224;296;563,nan
GPS_all_assemblies/24936_1#12.contigs_velvet.fa,224,224;296;563,nan
GPS_all_assemblies/16288_4#17.contigs_velvet.fa,225,nan,nan
GPS_all_assemblies/16288_5#3.contigs_velvet.fa,225,nan,nan
GPS_all_assemblies/18090_1#116.contigs_velvet.fa,225,nan,nan
GPS_all_assemblies/10071_4#6.contigs_velvet.fa,226,226;599,nan
GPS_all_assemblies/24936_1#28.contigs_velvet.fa,226,226;599,nan
GPS_all_assemblies/15378_4#70.contigs_velvet.fa,227,nan,nan
GPS_all_assemblies/3850_3#2.contigs_velvet.fa,228,nan,nan
GPS_all_assemblies/11861_4#10.contigs_velvet.fa,229,nan,nan
GPS_all_assemblies/17428_8#176.contigs_velvet.fa,230,nan,230;687
GPS_all_assemblies/24371_8#295.contigs_velvet.fa,230,nan,230;687
GPS_all_assemblies/21242_2#142.contigs_velvet.fa,231,nan,nan
GPS_all_assemblies/19341_3#161.contigs_velvet.fa,232,nan,nan
GPS_all_assemblies/12290_3#56.contigs_velvet.fa,233,nan,nan
GPS_all_assemblies/15608_4#55.contigs_velvet.fa,234,nan,nan
GPS_all_assemblies/20402_4#139.contigs_velvet.fa,235,nan,nan
GPS_all_assemblies/16288_7#37.contigs_velvet.fa,236,nan,nan
GPS_all_assemblies/20925_3#19.contigs_velvet.fa,236,nan,nan
GPS_all_assemblies/22335_8#108.contigs_velvet.fa,236,nan,nan
GPS_all_assemblies/6952_7#16.contigs_velvet.fa,237,nan,nan
GPS_all_assemblies/12162_1#20.contigs_velvet.fa,238,nan,nan
GPS_all_assemblies/18456_1#104.contigs_velvet.fa,238,nan,nan
GPS_all_assemblies/14913_3#11.contigs_velvet.fa,239,nan,nan
GPS_all_assemblies/9221_3#20.contigs_velvet.fa,240,nan,nan
GPS_all_assemblies/13415_6#48.contigs_velvet.fa,241,nan,nan
GPS_all_assemblies/14913_2#81.contigs_velvet.fa,241,nan,nan
GPS_all_assemblies/16288_3#81.contigs_velvet.fa,241,nan,nan
GPS_all_assemblies/13414_8#23.contigs_velvet.fa,242,nan,nan
GPS_all_assemblies/14913_5#73.contigs_velvet.fa,243,nan,nan
GPS_all_assemblies/18090_2#138.contigs_velvet.fa,244,nan,nan
GPS_all_assemblies/24497_7#59.contigs_velvet.fa,245,nan,nan
GPS_all_assemblies/6755_5#5.contigs_velvet.fa,245,nan,nan
GPS_all_assemblies/15841_1#39.contigs_velvet.fa,246,nan,nan
GPS_all_assemblies/16288_3#59.contigs_velvet.fa,247,nan,nan
GPS_all_assemblies/16288_4#78.contigs_velvet.fa,247,nan,nan
GPS_all_assemblies/19341_2#143.contigs_velvet.fa,248,nan,nan
GPS_all_assemblies/21999_8#91.contigs_velvet.fa,249,nan,nan
GPS_all_assemblies/21946_6#50.contigs_velvet.fa,250,nan,nan
GPS_all_assemblies/14723_2#7.contigs_velvet.fa,251,nan,708;251
GPS_all_assemblies/16288_8#38.contigs_velvet.fa,251,nan,708;251
GPS_all_assemblies/24497_7#78.contigs_velvet.fa,251,nan,708;251
GPS_all_assemblies/28042_2#202.contigs_velvet.fa,251,nan,708;251
/home/debian/GPSC/29330_2#217.contigs_velvet.fa,251,nan,708;251
GPS_all_assemblies/20925_3#105.contigs_velvet.fa,253,nan,nan
GPS_all_assemblies/13470_1#23.contigs_velvet.fa,254,nan,nan
GPS_all_assemblies/15841_5#32.contigs_velvet.fa,255,nan,nan
GPS_all_assemblies/15873_3#66.contigs_velvet.fa,256,nan,nan
GPS_all_assemblies/24497_7#50.contigs_velvet.fa,257,nan,nan
GPS_all_assemblies/17138_4#44.contigs_velvet.fa,258,258;621,nan
GPS_all_assemblies/6512_6#4.contigs_velvet.fa,258,258;621,nan
GPS_all_assemblies/16288_7#10.contigs_velvet.fa,259,nan,nan
GPS_all_assemblies/16288_4#47.contigs_velvet.fa,260,nan,nan
GPS_all_assemblies/16288_5#8.contigs_velvet.fa,260,nan,nan
GPS_all_assemblies/24371_8#265.contigs_velvet.fa,260,nan,nan
GPS_all_assemblies/6730_7#12.contigs_velvet.fa,261,nan,nan
GPS_all_assemblies/22841_2#46.contigs_velvet.fa,262,nan,nan
GPS_all_assemblies/9803_8#40.contigs_velvet.fa,263,nan,nan
GPS_all_assemblies/6259_6#16.contigs_velvet.fa,264,nan,nan
GPS_all_assemblies/6983_4#75.contigs_velvet.fa,265,nan,nan
GPS_all_assemblies/19084_7#116.contigs_velvet.fa,266,nan,nan
GPS_all_assemblies/12291_2#75.contigs_velvet.fa,267,nan,nan
GPS_all_assemblies/15940_4#59.contigs_velvet.fa,268,nan,nan
GPS_all_assemblies/18090_1#181.contigs_velvet.fa,268,nan,nan
GPS_all_assemblies/24861_1#229.contigs_velvet.fa,269,nan,nan
GPS_all_assemblies/13415_7#91.contigs_velvet.fa,270,270;524,nan
GPS_all_assemblies/6972_8#51.contigs_velvet.fa,270,270;524,nan
GPS_all_assemblies/21053_8#145.contigs_velvet.fa,271,nan,nan
GPS_all_assemblies/14673_5#9.contigs_velvet.fa,272,nan,nan
GPS_all_assemblies/17870_7#62.contigs_velvet.fa,272,nan,nan
GPS_all_assemblies/11861_4#46.contigs_velvet.fa,273,nan,nan
GPS_all_assemblies/21127_1#152.contigs_velvet.fa,274,nan,nan
GPS_all_assemblies/22335_8#110.contigs_velvet.fa,275,nan,nan
GPS_all_assemblies/14566_5#86.contigs_velvet.fa,276,nan,nan
GPS_all_assemblies/17870_8#116.contigs_velvet.fa,277,nan,nan
GPS_all_assemblies/22027_1#92.contigs_velvet.fa,278,nan,nan
GPS_all_assemblies/15608_4#64.contigs_velvet.fa,279,279;347,nan
GPS_all_assemblies/5310_1#2.contigs_velvet.fa,279,279;347,nan
GPS_all_assemblies/14673_5#61.contigs_velvet.fa,280,nan,nan
GPS_all_assemblies/15531_3#83.contigs_velvet.fa,280,nan,nan
GPS_all_assemblies/9716_7#32.contigs_velvet.fa,281,nan,nan
GPS_all_assemblies/14723_2#70.contigs_velvet.fa,282,nan,nan
GPS_all_assemblies/24861_1#284.contigs_velvet.fa,283,nan,nan
GPS_all_assemblies/17870_8#42.contigs_velvet.fa,284,284;526,nan
GPS_all_assemblies/24371_8#140.contigs_velvet.fa,284,284;526,nan
GPS_all_assemblies/24497_7#108.contigs_velvet.fa,284,284;526,nan
GPS_all_assemblies/21485_1#9.contigs_velvet.fa,285,nan,nan
GPS_all_assemblies/18090_1#137.contigs_velvet.fa,286,nan,nan
GPS_all_assemblies/18090_2#144.contigs_velvet.fa,287,nan,nan
GPS_all_assemblies/19341_2#96.contigs_velvet.fa,288,nan,nan
GPS_all_assemblies/21127_2#138.contigs_velvet.fa,289,nan,nan
GPS_all_assemblies/11860_1#82.contigs_velvet.fa,290,nan,nan
GPS_all_assemblies/22709_8#302.contigs_velvet.fa,291,nan,nan
GPS_all_assemblies/7011_3#13.contigs_velvet.fa,292,nan,nan
GPS_all_assemblies/6938_8#22.contigs_velvet.fa,293,nan,nan
GPS_all_assemblies/6949_3#15.contigs_velvet.fa,294,nan,nan
GPS_all_assemblies/19084_7#102.contigs_velvet.fa,295,nan,nan
GPS_all_assemblies/24861_1#326.contigs_velvet.fa,298,nan,nan
GPS_all_assemblies/17059_8#88.contigs_velvet.fa,299,nan,nan
GPS_all_assemblies/24775_1#283.contigs_velvet.fa,299,nan,nan
GPS_all_assemblies/9262_3#83.contigs_velvet.fa,300,nan,nan
GPS_all_assemblies/15873_1#60.contigs_velvet.fa,301,nan,nan
GPS_all_assemblies/9262_3#79.contigs_velvet.fa,302,nan,nan
GPS_all_assemblies/16288_8#8.contigs_velvet.fa,303,nan,nan
GPS_all_assemblies/14913_4#30.contigs_velvet.fa,304,nan,nan
GPS_all_assemblies/14913_7#26.contigs_velvet.fa,305,nan,nan
GPS_all_assemblies/15995_1#114.contigs_velvet.fa,306,nan,nan
GPS_all_assemblies/17138_5#17.contigs_velvet.fa,307,nan,nan
GPS_all_assemblies/15873_7#79.contigs_velvet.fa,308,nan,nan
GPS_all_assemblies/14723_1#56.contigs_velvet.fa,309,nan,nan
GPS_all_assemblies/16288_8#2.contigs_velvet.fa,309,nan,nan
GPS_all_assemblies/22335_8#14.contigs_velvet.fa,309,nan,nan
GPS_all_assemblies/22027_1#123.contigs_velvet.fa,310,nan,nan
GPS_all_assemblies/21999_8#72.contigs_velvet.fa,311,nan,nan
GPS_all_assemblies/22841_2#80.contigs_velvet.fa,312,nan,nan
GPS_all_assemblies/28042_2#181.contigs_velvet.fa,312,nan,nan
GPS_all_assemblies/22841_4#135.contigs_velvet.fa,313,nan,nan
GPS_all_assemblies/6470_6#16.contigs_velvet.fa,315,nan,nan
GPS_all_assemblies/15682_6#18.contigs_velvet.fa,316,nan,nan
GPS_all_assemblies/7622_2#21.contigs_velvet.fa,316,nan,nan
GPS_all_assemblies/6259_5#17.contigs_velvet.fa,317,nan,nan
GPS_all_assemblies/6593_4#14.contigs_velvet.fa,318,nan,nan
GPS_all_assemblies/24820_2#54.contigs_velvet.fa,319,nan,nan
GPS_all_assemblies/24820_2#37.contigs_velvet.fa,320,nan,nan
GPS_all_assemblies/18090_2#178.contigs_velvet.fa,321,nan,nan
GPS_all_assemblies/24861_1#342.contigs_velvet.fa,322,nan,nan
GPS_all_assemblies/18090_2#37.contigs_velvet.fa,323,nan,nan
GPS_all_assemblies/22841_2#3.contigs_velvet.fa,324,nan,nan
GPS_all_assemblies/18456_1#29.contigs_velvet.fa,325,325;578,nan
GPS_all_assemblies/7068_2#54.contigs_velvet.fa,325,325;578,nan
GPS_all_assemblies/13154_3#55.contigs_velvet.fa,326,nan,nan
GPS_all_assemblies/19183_3#116.contigs_velvet.fa,326,nan,nan
GPS_all_assemblies/19084_8#38.contigs_velvet.fa,327,nan,nan
GPS_all_assemblies/14936_5#9.contigs_velvet.fa,328,nan,nan
GPS_all_assemblies/15731_8#86.contigs_velvet.fa,329,nan,nan
GPS_all_assemblies/17175_7#9.contigs_velvet.fa,330,nan,nan
GPS_all_assemblies/21999_8#158.contigs_velvet.fa,331,nan,nan
GPS_all_assemblies/9221_5#17.contigs_velvet.fa,331,nan,nan
GPS_all_assemblies/17794_8#185.contigs_velvet.fa,332,nan,nan
GPS_all_assemblies/20402_4#37.contigs_velvet.fa,333,nan,nan
GPS_all_assemblies/21127_1#111.contigs_velvet.fa,334,nan,nan
GPS_all_assemblies/14723_1#48.contigs_velvet.fa,335,nan,nan
GPS_all_assemblies/22335_7#98.contigs_velvet.fa,336,nan,nan
GPS_all_assemblies/16288_7#13.contigs_velvet.fa,337,nan,nan
GPS_all_assemblies/18090_1#131.contigs_velvet.fa,338,nan,nan
GPS_all_assemblies/18090_2#62.contigs_velvet.fa,339,nan,nan
GPS_all_assemblies/19341_2#114.contigs_velvet.fa,340,nan,nan
GPS_all_assemblies/21127_2#189.contigs_velvet.fa,341,nan,nan
GPS_all_assemblies/21999_8#147.contigs_velvet.fa,342,342;412,nan
GPS_all_assemblies/22027_1#25.contigs_velvet.fa,342,342;412,nan
GPS_all_assemblies/22027_1#53.contigs_velvet.fa,343,nan,nan
GPS_all_assemblies/22841_2#153.contigs_velvet.fa,344,nan,nan
GPS_all_assemblies/6673_8#2.contigs_velvet.fa,345,nan,nan
GPS_all_assemblies/6730_1#11.contigs_velvet.fa,345,nan,nan
GPS_all_assemblies/6949_3#19.contigs_velvet.fa,346,nan,nan
GPS_all_assemblies/11511_8#94.contigs_velvet.fa,348,nan,nan
GPS_all_assemblies/12291_1#13.contigs_velvet.fa,350,nan,nan
GPS_all_assemblies/12291_3#32.contigs_velvet.fa,351,nan,nan
GPS_all_assemblies/12291_6#20.contigs_velvet.fa,352,nan,nan
GPS_all_assemblies/17870_7#127.contigs_velvet.fa,353,nan,nan
GPS_all_assemblies/12837_1#56.contigs_velvet.fa,354,nan,nan
GPS_all_assemblies/12837_1#71.contigs_velvet.fa,355,nan,nan
GPS_all_assemblies/13415_8#62.contigs_velvet.fa,356,nan,nan
GPS_all_assemblies/13091_6#13.contigs_velvet.fa,357,nan,nan
GPS_all_assemblies/15841_2#78.contigs_velvet.fa,358,nan,nan
GPS_all_assemblies/22276_1#64.contigs_velvet.fa,359,nan,nan
GPS_all_assemblies/14520_6#17.contigs_velvet.fa,360,nan,nan
GPS_all_assemblies/24371_8#112.contigs_velvet.fa,361,nan,nan
GPS_all_assemblies/14673_1#56.contigs_velvet.fa,363,nan,nan
GPS_all_assemblies/16043_2#68.contigs_velvet.fa,364,nan,nan
GPS_all_assemblies/21053_8#144.contigs_velvet.fa,365,nan,nan
GPS_all_assemblies/14936_6#76.contigs_velvet.fa,366,nan,nan
GPS_all_assemblies/15378_4#63.contigs_velvet.fa,367,nan,nan
GPS_all_assemblies/15608_3#30.contigs_velvet.fa,370,nan,nan
GPS_all_assemblies/22335_7#73.contigs_velvet.fa,371,nan,nan
GPS_all_assemblies/16288_4#19.contigs_velvet.fa,372,nan,nan
GPS_all_assemblies/16288_4#57.contigs_velvet.fa,373,nan,nan
GPS_all_assemblies/16288_4#81.contigs_velvet.fa,374,nan,nan
GPS_all_assemblies/16288_6#40.contigs_velvet.fa,375,nan,nan
GPS_all_assemblies/21242_6#16.contigs_velvet.fa,376,nan,nan
GPS_all_assemblies/21485_1#121.contigs_velvet.fa,377,nan,nan
GPS_all_assemblies/17794_8#142.contigs_velvet.fa,378,nan,nan
GPS_all_assemblies/17870_7#147.contigs_velvet.fa,379,nan,nan
GPS_all_assemblies/18090_2#1.contigs_velvet.fa,381,nan,nan
GPS_all_assemblies/18090_2#142.contigs_velvet.fa,382,nan,nan
GPS_all_assemblies/21127_2#145.contigs_velvet.fa,382,nan,nan
GPS_all_assemblies/23204_4#30.contigs_velvet.fa,383,nan,nan
GPS_all_assemblies/19084_7#27.contigs_velvet.fa,384,nan,nan
GPS_all_assemblies/22841_4#13.contigs_velvet.fa,385,nan,nan
GPS_all_assemblies/24861_1#257.contigs_velvet.fa,386,nan,nan
GPS_all_assemblies/19183_3#80.contigs_velvet.fa,388,nan,nan
GPS_all_assemblies/19341_3#75.contigs_velvet.fa,389,nan,nan
GPS_all_assemblies/11860_8#47.contigs_velvet.fa,390,nan,nan
GPS_all_assemblies/15682_3#45.contigs_velvet.fa,391,nan,nan
GPS_all_assemblies/21127_2#134.contigs_velvet.fa,392,nan,nan
GPS_all_assemblies/21999_8#30.contigs_velvet.fa,393,nan,nan
GPS_all_assemblies/24775_1#150.contigs_velvet.fa,394,nan,nan
GPS_all_assemblies/22841_4#18.contigs_velvet.fa,395,nan,nan
GPS_all_assemblies/22841_1#177.contigs_velvet.fa,396,nan,nan
GPS_all_assemblies/7622_3#78.contigs_velvet.fa,397,nan,nan
GPS_all_assemblies/6593_4#6.contigs_velvet.fa,398,nan,nan
GPS_all_assemblies/28042_2#200.contigs_velvet.fa,400,nan,nan
GPS_all_assemblies/6631_2#16.contigs_velvet.fa,400,nan,nan
GPS_all_assemblies/6673_8#8.contigs_velvet.fa,401,nan,nan
GPS_all_assemblies/6664_1#14.contigs_velvet.fa,402,nan,nan
GPS_all_assemblies/6714_7#10.contigs_velvet.fa,403,nan,nan
GPS_all_assemblies/6805_4#1.contigs_velvet.fa,404,nan,nan
GPS_all_assemblies/6823_4#8.contigs_velvet.fa,405,nan,nan
GPS_all_assemblies/7011_5#7.contigs_velvet.fa,406,nan,nan
GPS_all_assemblies/20402_4#120.contigs_velvet.fa,407,nan,nan
GPS_all_assemblies/20402_4#109.contigs_velvet.fa,408,nan,nan
GPS_all_assemblies/10395_5#40.contigs_velvet.fa,409,nan,nan
GPS_all_assemblies/28042_2#172.contigs_velvet.fa,410,nan,nan
GPS_all_assemblies/21127_1#154.contigs_velvet.fa,411,nan,nan
GPS_all_assemblies/11658_1#89.contigs_velvet.fa,413,nan,nan
GPS_all_assemblies/13091_6#19.contigs_velvet.fa,414,nan,nan
GPS_all_assemblies/21053_8#84.contigs_velvet.fa,415,nan,nan
GPS_all_assemblies/19084_8#116.contigs_velvet.fa,416,nan,nan
GPS_all_assemblies/12291_2#79.contigs_velvet.fa,417,nan,nan
GPS_all_assemblies/12291_3#47.contigs_velvet.fa,419,nan,nan
GPS_all_assemblies/12837_1#59.contigs_velvet.fa,420,nan,nan
GPS_all_assemblies/12837_2#10.contigs_velvet.fa,421,nan,nan
GPS_all_assemblies/12837_2#40.contigs_velvet.fa,422,nan,nan
GPS_all_assemblies/12837_2#83.contigs_velvet.fa,423,nan,nan
GPS_all_assemblies/12837_3#13.contigs_velvet.fa,424,nan,nan
GPS_all_assemblies/12837_4#74.contigs_velvet.fa,425,nan,nan
GPS_all_assemblies/13154_4#4.contigs_velvet.fa,426,nan,nan
GPS_all_assemblies/13414_2#70.contigs_velvet.fa,427,nan,nan
GPS_all_assemblies/13415_4#13.contigs_velvet.fa,428,nan,nan
GPS_all_assemblies/13415_4#95.contigs_velvet.fa,429,nan,nan
GPS_all_assemblies/13415_6#1.contigs_velvet.fa,430,nan,nan
GPS_all_assemblies/13710_2#39.contigs_velvet.fa,431,nan,nan
GPS_all_assemblies/14257_1#50.contigs_velvet.fa,432,nan,nan
GPS_all_assemblies/14410_6#68.contigs_velvet.fa,433,nan,nan
GPS_all_assemblies/15873_4#44.contigs_velvet.fa,434,nan,nan
GPS_all_assemblies/15277_1#32.contigs_velvet.fa,435,nan,nan
GPS_all_assemblies/14410_7#55.contigs_velvet.fa,436,nan,nan
GPS_all_assemblies/21523_1#5.contigs_velvet.fa,437,nan,nan
GPS_all_assemblies/14520_4#45.contigs_velvet.fa,438,nan,nan
GPS_all_assemblies/14520_6#13.contigs_velvet.fa,439,nan,nan
GPS_all_assemblies/21127_1#156.contigs_velvet.fa,440,nan,nan
GPS_all_assemblies/14520_6#24.contigs_velvet.fa,441,nan,nan
GPS_all_assemblies/10395_5#24.contigs_velvet.fa,442,nan,nan
GPS_all_assemblies/14520_6#39.contigs_velvet.fa,443,nan,nan
GPS_all_assemblies/14520_7#44.contigs_velvet.fa,444,nan,nan
GPS_all_assemblies/14723_1#35.contigs_velvet.fa,445,nan,nan
GPS_all_assemblies/14555_4#13.contigs_velvet.fa,446,nan,nan
GPS_all_assemblies/14555_4#27.contigs_velvet.fa,447,nan,nan
GPS_all_assemblies/14566_4#94.contigs_velvet.fa,448,nan,nan
GPS_all_assemblies/14566_5#8.contigs_velvet.fa,449,nan,nan
GPS_all_assemblies/14673_4#24.contigs_velvet.fa,451,nan,nan
GPS_all_assemblies/14723_2#31.contigs_velvet.fa,452,nan,nan
GPS_all_assemblies/14723_2#37.contigs_velvet.fa,453,nan,nan
GPS_all_assemblies/24371_8#245.contigs_velvet.fa,454,nan,nan
GPS_all_assemblies/14723_4#16.contigs_velvet.fa,455,nan,nan
GPS_all_assemblies/14913_2#94.contigs_velvet.fa,456,nan,nan
GPS_all_assemblies/19341_3#134.contigs_velvet.fa,457,nan,nan
GPS_all_assemblies/14913_7#88.contigs_velvet.fa,458,nan,nan
GPS_all_assemblies/14936_4#74.contigs_velvet.fa,459,nan,nan
GPS_all_assemblies/14936_5#67.contigs_velvet.fa,460,nan,nan
GPS_all_assemblies/15277_3#68.contigs_velvet.fa,461,nan,nan
GPS_all_assemblies/15378_2#47.contigs_velvet.fa,462,nan,nan
GPS_all_assemblies/15531_6#81.contigs_velvet.fa,463,nan,nan
GPS_all_assemblies/15531_7#18.contigs_velvet.fa,464,nan,nan
GPS_all_assemblies/15608_4#9.contigs_velvet.fa,465,nan,nan
GPS_all_assemblies/15731_8#50.contigs_velvet.fa,466,nan,nan
GPS_all_assemblies/15841_4#75.contigs_velvet.fa,467,nan,nan
GPS_all_assemblies/15841_5#8.contigs_velvet.fa,468,nan,nan
GPS_all_assemblies/15873_1#34.contigs_velvet.fa,469,nan,nan
GPS_all_assemblies/15874_1#89.contigs_velvet.fa,470,nan,nan
GPS_all_assemblies/15995_1#87.contigs_velvet.fa,471,nan,nan
GPS_all_assemblies/15995_2#179.contigs_velvet.fa,473,nan,nan
GPS_all_assemblies/19646_1#44.contigs_velvet.fa,474,nan,nan
GPS_all_assemblies/16043_2#77.contigs_velvet.fa,475,nan,nan
GPS_all_assemblies/16043_2#84.contigs_velvet.fa,477,nan,nan
GPS_all_assemblies/16288_3#64.contigs_velvet.fa,478,nan,nan
GPS_all_assemblies/16288_3#71.contigs_velvet.fa,479,nan,nan
GPS_all_assemblies/16288_3#79.contigs_velvet.fa,480,nan,nan
GPS_all_assemblies/14723_3#42.contigs_velvet.fa,481,nan,nan
GPS_all_assemblies/24371_8#251.contigs_velvet.fa,482,nan,nan
GPS_all_assemblies/16288_4#80.contigs_velvet.fa,483,nan,nan
GPS_all_assemblies/16288_5#24.contigs_velvet.fa,484,nan,nan
GPS_all_assemblies/21242_6#19.contigs_velvet.fa,485,nan,nan
GPS_all_assemblies/22335_7#120.contigs_velvet.fa,485,nan,nan
GPS_all_assemblies/24371_8#288.contigs_velvet.fa,485,nan,nan
GPS_all_assemblies/24371_8#195.contigs_velvet.fa,486,nan,nan
GPS_all_assemblies/22335_7#144.contigs_velvet.fa,487,nan,nan
GPS_all_assemblies/16288_6#7.contigs_velvet.fa,488,nan,nan
GPS_all_assemblies/16288_6#72.contigs_velvet.fa,489,nan,nan
GPS_all_assemblies/16288_7#2.contigs_velvet.fa,490,nan,nan
GPS_all_assemblies/16288_7#55.contigs_velvet.fa,492,nan,nan
GPS_all_assemblies/16288_7#61.contigs_velvet.fa,493,nan,nan
GPS_all_assemblies/16288_7#68.contigs_velvet.fa,494,nan,nan
GPS_all_assemblies/23430_3#36.contigs_velvet.fa,495,nan,nan
GPS_all_assemblies/16288_8#20.contigs_velvet.fa,496,nan,nan
GPS_all_assemblies/16288_8#23.contigs_velvet.fa,497,nan,nan
GPS_all_assemblies/16288_8#25.contigs_velvet.fa,498,nan,nan
GPS_all_assemblies/16288_8#29.contigs_velvet.fa,499,nan,nan
GPS_all_assemblies/21242_6#32.contigs_velvet.fa,500,nan,nan
GPS_all_assemblies/16288_8#40.contigs_velvet.fa,501,nan,nan
GPS_all_assemblies/16288_8#58.contigs_velvet.fa,502,nan,nan
GPS_all_assemblies/16453_2#55.contigs_velvet.fa,503,nan,nan
GPS_all_assemblies/17059_7#81.contigs_velvet.fa,504,nan,nan
GPS_all_assemblies/17059_8#84.contigs_velvet.fa,505,nan,nan
GPS_all_assemblies/17138_3#70.contigs_velvet.fa,506,nan,nan
GPS_all_assemblies/17138_5#21.contigs_velvet.fa,507,nan,nan
GPS_all_assemblies/17138_5#35.contigs_velvet.fa,508,nan,nan
GPS_all_assemblies/17138_5#48.contigs_velvet.fa,510,nan,nan
GPS_all_assemblies/14937_1#22.contigs_velvet.fa,511,nan,nan
GPS_all_assemblies/17150_4#56.contigs_velvet.fa,512,nan,nan
GPS_all_assemblies/17150_4#72.contigs_velvet.fa,513,nan,nan
GPS_all_assemblies/17150_5#52.contigs_velvet.fa,514,nan,nan
GPS_all_assemblies/17150_6#23.contigs_velvet.fa,515,nan,nan
GPS_all_assemblies/21523_1#154.contigs_velvet.fa,516,nan,nan
GPS_all_assemblies/17794_7#27.contigs_velvet.fa,517,nan,nan
GPS_all_assemblies/17794_8#145.contigs_velvet.fa,518,nan,nan
GPS_all_assemblies/23430_3#121.contigs_velvet.fa,519,nan,nan
GPS_all_assemblies/9262_3#58.contigs_velvet.fa,520,nan,nan
GPS_all_assemblies/17794_8#58.contigs_velvet.fa,521,nan,nan
GPS_all_assemblies/17794_8#68.contigs_velvet.fa,522,nan,nan
GPS_all_assemblies/17870_7#143.contigs_velvet.fa,523,nan,nan
GPS_all_assemblies/17870_8#147.contigs_velvet.fa,525,nan,nan
GPS_all_assemblies/17966_5#78.contigs_velvet.fa,527,nan,nan
GPS_all_assemblies/18090_1#110.contigs_velvet.fa,528,nan,nan
GPS_all_assemblies/18090_1#188.contigs_velvet.fa,529,nan,nan
GPS_all_assemblies/18090_1#68.contigs_velvet.fa,530,nan,nan
GPS_all_assemblies/18090_1#73.contigs_velvet.fa,531,nan,nan
GPS_all_assemblies/18090_1#76.contigs_velvet.fa,532,nan,nan
GPS_all_assemblies/18090_2#100.contigs_velvet.fa,533,nan,nan
GPS_all_assemblies/18090_2#117.contigs_velvet.fa,534,nan,nan
GPS_all_assemblies/18456_1#118.contigs_velvet.fa,535,nan,nan
GPS_all_assemblies/21242_6#91.contigs_velvet.fa,536,nan,nan
GPS_all_assemblies/18456_1#31.contigs_velvet.fa,537,nan,nan
GPS_all_assemblies/18456_1#52.contigs_velvet.fa,538,nan,nan
GPS_all_assemblies/18456_1#95.contigs_velvet.fa,540,nan,nan
GPS_all_assemblies/24936_1#25.contigs_velvet.fa,540,nan,nan
GPS_all_assemblies/4948_1#7.contigs_velvet.fa,540,nan,nan
GPS_all_assemblies/19084_7#107.contigs_velvet.fa,541,nan,nan
GPS_all_assemblies/19084_7#126.contigs_velvet.fa,542,nan,nan
GPS_all_assemblies/19084_7#36.contigs_velvet.fa,543,nan,nan
GPS_all_assemblies/19084_7#50.contigs_velvet.fa,544,nan,nan
GPS_all_assemblies/19084_7#79.contigs_velvet.fa,545,nan,nan
GPS_all_assemblies/4311_8#8.contigs_velvet.fa,546,nan,nan
GPS_all_assemblies/19084_8#51.contigs_velvet.fa,547,nan,nan
GPS_all_assemblies/19084_8#61.contigs_velvet.fa,548,nan,nan
GPS_all_assemblies/19084_8#76.contigs_velvet.fa,549,nan,nan
GPS_all_assemblies/19183_3#6.contigs_velvet.fa,550,nan,nan
GPS_all_assemblies/19341_2#130.contigs_velvet.fa,551,nan,nan
GPS_all_assemblies/19341_3#120.contigs_velvet.fa,552,nan,nan
GPS_all_assemblies/19341_3#39.contigs_velvet.fa,553,nan,nan
GPS_all_assemblies/19341_3#55.contigs_velvet.fa,554,nan,nan
GPS_all_assemblies/19341_3#78.contigs_velvet.fa,555,nan,nan
GPS_all_assemblies/19341_3#92.contigs_velvet.fa,556,nan,nan
GPS_all_assemblies/20925_3#14.contigs_velvet.fa,557,nan,nan
GPS_all_assemblies/22335_7#96.contigs_velvet.fa,559,nan,nan
GPS_all_assemblies/15608_5#66.contigs_velvet.fa,561,nan,nan
GPS_all_assemblies/20925_3#53.contigs_velvet.fa,562,nan,nan
GPS_all_assemblies/20925_3#80.contigs_velvet.fa,564,nan,nan
GPS_all_assemblies/21242_6#54.contigs_velvet.fa,565,nan,nan
GPS_all_assemblies/21053_8#127.contigs_velvet.fa,566,nan,nan
GPS_all_assemblies/21053_8#149.contigs_velvet.fa,567,nan,nan
GPS_all_assemblies/21053_8#153.contigs_velvet.fa,568,nan,nan
GPS_all_assemblies/21053_8#162.contigs_velvet.fa,569,nan,nan
GPS_all_assemblies/21053_8#172.contigs_velvet.fa,570,nan,nan
GPS_all_assemblies/21127_1#165.contigs_velvet.fa,571,nan,nan
GPS_all_assemblies/21127_1#5.contigs_velvet.fa,572,nan,nan
GPS_all_assemblies/21127_2#26.contigs_velvet.fa,573,nan,nan
GPS_all_assemblies/21999_7#109.contigs_velvet.fa,574,nan,nan
GPS_all_assemblies/21999_7#130.contigs_velvet.fa,575,nan,nan
GPS_all_assemblies/24775_1#169.contigs_velvet.fa,576,nan,nan
GPS_all_assemblies/21999_8#29.contigs_velvet.fa,577,nan,nan
GPS_all_assemblies/6578_5#7.contigs_velvet.fa,579,nan,nan
GPS_all_assemblies/22114_6#56.contigs_velvet.fa,580,nan,nan
GPS_all_assemblies/22114_6#76.contigs_velvet.fa,581,nan,nan
GPS_all_assemblies/22027_1#120.contigs_velvet.fa,582,nan,nan
GPS_all_assemblies/22667_7#175.contigs_velvet.fa,583,nan,nan
GPS_all_assemblies/19341_3#153.contigs_velvet.fa,584,nan,nan
GPS_all_assemblies/9950_1#77.contigs_velvet.fa,585,nan,nan
GPS_all_assemblies/22841_3#110.contigs_velvet.fa,586,nan,nan
GPS_all_assemblies/23164_8#130.contigs_velvet.fa,587,nan,nan
GPS_all_assemblies/21903_8#95.contigs_velvet.fa,588,nan,nan
GPS_all_assemblies/21946_6#261.contigs_velvet.fa,589,nan,nan
GPS_all_assemblies/22695_3#204.contigs_velvet.fa,590,nan,nan
GPS_all_assemblies/15682_8#16.contigs_velvet.fa,591,nan,nan
GPS_all_assemblies/11860_6#83.contigs_velvet.fa,592,nan,nan
GPS_all_assemblies/11860_7#14.contigs_velvet.fa,593,nan,nan
GPS_all_assemblies/11861_1#47.contigs_velvet.fa,594,nan,nan
GPS_all_assemblies/24775_1#355.contigs_velvet.fa,595,nan,nan
GPS_all_assemblies/11861_3#2.contigs_velvet.fa,596,nan,nan
GPS_all_assemblies/18623_5#54.contigs_velvet.fa,598,nan,nan
GPS_all_assemblies/6999_4#13.contigs_velvet.fa,601,nan,nan
GPS_all_assemblies/6259_5#19.contigs_velvet.fa,602,nan,nan
GPS_all_assemblies/6259_5#1.contigs_velvet.fa,603,nan,nan
GPS_all_assemblies/6259_7#15.contigs_velvet.fa,604,nan,nan
GPS_all_assemblies/6631_3#9.contigs_velvet.fa,605,nan,nan
GPS_all_assemblies/6641_6#4.contigs_velvet.fa,606,nan,nan
GPS_all_assemblies/6751_2#17.contigs_velvet.fa,607,nan,nan
GPS_all_assemblies/6730_7#17.contigs_velvet.fa,608,nan,nan
GPS_all_assemblies/6730_7#7.contigs_velvet.fa,609,nan,nan
GPS_all_assemblies/6807_3#15.contigs_velvet.fa,611,nan,nan
GPS_all_assemblies/6823_4#5.contigs_velvet.fa,612,nan,nan
GPS_all_assemblies/6823_7#5.contigs_velvet.fa,613,nan,nan
GPS_all_assemblies/6840_3#21.contigs_velvet.fa,614,nan,nan
GPS_all_assemblies/6841_7#15.contigs_velvet.fa,615,nan,nan
GPS_all_assemblies/6841_7#2.contigs_velvet.fa,616,nan,nan
GPS_all_assemblies/6972_4#10.contigs_velvet.fa,617,nan,nan
GPS_all_assemblies/7011_6#16.contigs_velvet.fa,618,nan,nan
GPS_all_assemblies/6486_8#9.contigs_velvet.fa,619,nan,nan
GPS_all_assemblies/6512_2#10.contigs_velvet.fa,620,nan,nan
GPS_all_assemblies/12378_4#60.contigs_velvet.fa,622,nan,nan
GPS_all_assemblies/23430_2#103.contigs_velvet.fa,623,nan,nan
GPS_all_assemblies/23430_2#36.contigs_velvet.fa,624,nan,nan
GPS_all_assemblies/28042_2#212.contigs_velvet.fa,625,nan,nan
GPS_all_assemblies/23430_4#8.contigs_velvet.fa,626,nan,nan
GPS_all_assemblies/21999_8#134.contigs_velvet.fa,627,nan,nan
GPS_all_assemblies/21999_8#156.contigs_velvet.fa,627,nan,nan
GPS_all_assemblies/28042_2#229.contigs_velvet.fa,627,nan,nan
GPS_all_assemblies/28042_2#245.contigs_velvet.fa,627,nan,nan
GPS_all_assemblies/23204_4#181.contigs_velvet.fa,628,nan,nan
GPS_all_assemblies/23430_3#54.contigs_velvet.fa,628,nan,nan
GPS_all_assemblies/13091_2#63.contigs_velvet.fa,629,nan,nan
GPS_all_assemblies/15940_7#59.contigs_velvet.fa,630,nan,nan
GPS_all_assemblies/5349_3#12.contigs_velvet.fa,631,nan,nan
GPS_all_assemblies/12274_5#50.contigs_velvet.fa,632,nan,nan
GPS_all_assemblies/15873_7#82.contigs_velvet.fa,633,nan,nan
GPS_all_assemblies/15873_7#43.contigs_velvet.fa,634,nan,nan
GPS_all_assemblies/24775_1#300.contigs_velvet.fa,635,nan,nan
GPS_all_assemblies/24936_1#41.contigs_velvet.fa,635,nan,nan
GPS_all_assemblies/15940_1#1.contigs_velvet.fa,636,nan,nan
GPS_all_assemblies/23204_4#192.contigs_velvet.fa,637,nan,nan
GPS_all_assemblies/17794_7#151.contigs_velvet.fa,638,nan,nan
GPS_all_assemblies/24775_1#219.contigs_velvet.fa,639,nan,nan
GPS_all_assemblies/24936_1#39.contigs_velvet.fa,640,nan,nan
GPS_all_assemblies/24775_1#223.contigs_velvet.fa,641,nan,nan
GPS_all_assemblies/21242_6#10.contigs_velvet.fa,642,nan,nan
GPS_all_assemblies/14520_6#74.contigs_velvet.fa,643,nan,nan
GPS_all_assemblies/15874_8#47.contigs_velvet.fa,644,nan,nan
GPS_all_assemblies/19341_3#137.contigs_velvet.fa,645,nan,nan
GPS_all_assemblies/19341_3#156.contigs_velvet.fa,645,nan,nan
GPS_all_assemblies/22276_1#21.contigs_velvet.fa,646,nan,nan
GPS_all_assemblies/22335_7#59.contigs_velvet.fa,647,nan,nan
GPS_all_assemblies/14723_2#89.contigs_velvet.fa,648,nan,nan
GPS_all_assemblies/18090_1#150.contigs_velvet.fa,649,nan,nan
GPS_all_assemblies/21242_6#18.contigs_velvet.fa,650,nan,nan
GPS_all_assemblies/22335_8#39.contigs_velvet.fa,651,nan,nan
GPS_all_assemblies/22335_8#127.contigs_velvet.fa,652,nan,nan
GPS_all_assemblies/23204_4#147.contigs_velvet.fa,653,nan,nan
GPS_all_assemblies/28042_2#90.contigs_velvet.fa,654,nan,nan
GPS_all_assemblies/24497_7#99.contigs_velvet.fa,655,nan,nan
GPS_all_assemblies/24775_1#251.contigs_velvet.fa,656,nan,nan
GPS_all_assemblies/24820_2#179.contigs_velvet.fa,657,nan,nan
GPS_all_assemblies/28042_2#305.contigs_velvet.fa,658,nan,nan
GPS_all_assemblies/14673_5#52.contigs_velvet.fa,659,nan,nan
GPS_all_assemblies/24371_8#178.contigs_velvet.fa,660,nan,nan
GPS_all_assemblies/15191_6#16.contigs_velvet.fa,661,nan,nan
GPS_all_assemblies/15277_1#37.contigs_velvet.fa,662,nan,nan
GPS_all_assemblies/15682_3#19.contigs_velvet.fa,663,nan,nan
GPS_all_assemblies/21053_8#123.contigs_velvet.fa,664,nan,nan
GPS_all_assemblies/17428_8#19.contigs_velvet.fa,665,nan,nan
GPS_all_assemblies/19341_3#173.contigs_velvet.fa,666,nan,nan
GPS_all_assemblies/19341_3#180.contigs_velvet.fa,667,nan,nan
GPS_all_assemblies/8016_3#51.contigs_velvet.fa,668,nan,nan
GPS_all_assemblies/20402_4#66.contigs_velvet.fa,669,nan,nan
GPS_all_assemblies/20402_4#59.contigs_velvet.fa,670,nan,nan
GPS_all_assemblies/23430_2#131.contigs_velvet.fa,671,nan,nan
GPS_all_assemblies/24371_8#185.contigs_velvet.fa,672,nan,nan
GPS_all_assemblies/5242_3#8.contigs_velvet.fa,673,nan,nan
GPS_all_assemblies/5310_1#11.contigs_velvet.fa,673,nan,nan
GPS_all_assemblies/8016_3#28.contigs_velvet.fa,674,nan,nan
GPS_all_assemblies/14723_1#10.contigs_velvet.fa,675,nan,nan
GPS_all_assemblies/14520_7#2.contigs_velvet.fa,676,nan,nan
GPS_all_assemblies/8016_3#74.contigs_velvet.fa,677,nan,nan
GPS_all_assemblies/24371_8#181.contigs_velvet.fa,678,nan,nan
GPS_all_assemblies/14723_3#61.contigs_velvet.fa,679,nan,nan
GPS_all_assemblies/15378_3#79.contigs_velvet.fa,680,nan,nan
GPS_all_assemblies/15608_5#1.contigs_velvet.fa,681,nan,nan
GPS_all_assemblies/19646_1#54.contigs_velvet.fa,682,nan,nan
GPS_all_assemblies/15682_5#35.contigs_velvet.fa,683,nan,nan
GPS_all_assemblies/15873_4#56.contigs_velvet.fa,684,nan,nan
GPS_all_assemblies/15940_3#65.contigs_velvet.fa,685,nan,nan
GPS_all_assemblies/15940_6#68.contigs_velvet.fa,686,nan,nan
GPS_all_assemblies/18814_1#16.contigs_velvet.fa,688,nan,nan
GPS_all_assemblies/19646_1#24.contigs_velvet.fa,689,nan,nan
GPS_all_assemblies/18090_1#169.contigs_velvet.fa,690,nan,nan
GPS_all_assemblies/22667_7#106.contigs_velvet.fa,691,nan,nan
GPS_all_assemblies/19341_3#147.contigs_velvet.fa,692,nan,nan
GPS_all_assemblies/19341_3#175.contigs_velvet.fa,693,nan,nan
GPS_all_assemblies/24497_7#40.contigs_velvet.fa,694,nan,nan
GPS_all_assemblies/20402_4#141.contigs_velvet.fa,695,nan,nan
GPS_all_assemblies/21053_8#157.contigs_velvet.fa,696,nan,nan
GPS_all_assemblies/21127_1#131.contigs_velvet.fa,697,nan,nan
GPS_all_assemblies/21242_6#59.contigs_velvet.fa,698,nan,nan
GPS_all_assemblies/21242_6#29.contigs_velvet.fa,699,nan,nan
GPS_all_assemblies/21485_1#24.contigs_velvet.fa,700,nan,nan
GPS_all_assemblies/28042_2#79.contigs_velvet.fa,701,nan,nan
GPS_all_assemblies/21999_8#56.contigs_velvet.fa,702,nan,nan
GPS_all_assemblies/22335_8#89.contigs_velvet.fa,703,nan,nan
GPS_all_assemblies/22335_8#21.contigs_velvet.fa,704,nan,nan
GPS_all_assemblies/22335_8#8.contigs_velvet.fa,705,nan,nan
GPS_all_assemblies/22335_8#77.contigs_velvet.fa,706,nan,nan
GPS_all_assemblies/28042_2#36.contigs_velvet.fa,707,nan,nan
GPS_all_assemblies/24371_8#123.contigs_velvet.fa,709,nan,nan
GPS_all_assemblies/24371_8#19.contigs_velvet.fa,710,nan,nan
GPS_all_assemblies/24371_8#60.contigs_velvet.fa,711,nan,nan
GPS_all_assemblies/28042_2#97.contigs_velvet.fa,712,nan,nan
GPS_all_assemblies/24936_1#29.contigs_velvet.fa,713,nan,nan
GPS_all_assemblies/24820_2#279.contigs_velvet.fa,714,nan,nan
GPS_all_assemblies/24861_1#154.contigs_velvet.fa,715,nan,nan
GPS_all_assemblies/24820_2#326.contigs_velvet.fa,716,nan,nan
GPS_all_assemblies/28042_2#89.contigs_velvet.fa,717,nan,nan
GPS_all_assemblies/24936_1#7.contigs_velvet.fa,718,nan,nan
GPS_all_assemblies/28042_2#92.contigs_velvet.fa,719,nan,nan
GPS_all_assemblies/8016_3#14.contigs_velvet.fa,720,nan,nan
GPS_all_assemblies/9221_5#70.contigs_velvet.fa,721,nan,nan
GPS_all_assemblies/10868_5#32.contigs_velvet.fa,722,nan,nan
GPS_all_assemblies/11657_8#71.contigs_velvet.fa,723,nan,nan
GPS_all_assemblies/11658_1#67.contigs_velvet.fa,724,nan,nan
GPS_all_assemblies/12837_2#85.contigs_velvet.fa,725,nan,nan
GPS_all_assemblies/13091_2#53.contigs_velvet.fa,726,nan,nan
GPS_all_assemblies/13681_1#64.contigs_velvet.fa,727,nan,nan
GPS_all_assemblies/14520_6#83.contigs_velvet.fa,728,nan,nan
GPS_all_assemblies/14673_6#6.contigs_velvet.fa,729,nan,nan
GPS_all_assemblies/14723_1#17.contigs_velvet.fa,730,nan,nan
GPS_all_assemblies/14723_1#46.contigs_velvet.fa,731,nan,nan
GPS_all_assemblies/14723_1#59.contigs_velvet.fa,732,nan,nan
GPS_all_assemblies/14723_2#51.contigs_velvet.fa,733,nan,nan
GPS_all_assemblies/14723_2#85.contigs_velvet.fa,734,nan,nan
GPS_all_assemblies/14723_2#88.contigs_velvet.fa,735,nan,nan
GPS_all_assemblies/14723_3#18.contigs_velvet.fa,736,nan,nan
GPS_all_assemblies/14723_3#49.contigs_velvet.fa,737,nan,nan
GPS_all_assemblies/14723_3#8.contigs_velvet.fa,738,nan,nan
GPS_all_assemblies/15191_8#70.contigs_velvet.fa,739,nan,nan
GPS_all_assemblies/15378_4#90.contigs_velvet.fa,740,nan,nan
GPS_all_assemblies/15531_2#35.contigs_velvet.fa,741,nan,nan
GPS_all_assemblies/15531_2#77.contigs_velvet.fa,742,nan,nan
GPS_all_assemblies/15531_3#53.contigs_velvet.fa,743,nan,nan
GPS_all_assemblies/15608_5#18.contigs_velvet.fa,744,nan,nan
GPS_all_assemblies/15608_5#9.contigs_velvet.fa,745,nan,nan
GPS_all_assemblies/15682_4#79.contigs_velvet.fa,746,nan,nan
GPS_all_assemblies/15682_8#42.contigs_velvet.fa,747,nan,nan
GPS_all_assemblies/15874_8#23.contigs_velvet.fa,748,nan,nan
GPS_all_assemblies/15940_6#66.contigs_velvet.fa,749,nan,nan
GPS_all_assemblies/16288_3#66.contigs_velvet.fa,750,nan,nan
GPS_all_assemblies/16288_7#12.contigs_velvet.fa,751,nan,nan
GPS_all_assemblies/16404_8#30.contigs_velvet.fa,752,nan,nan
GPS_all_assemblies/17428_8#68.contigs_velvet.fa,753,nan,nan
GPS_all_assemblies/17428_8#80.contigs_velvet.fa,754,nan,nan
GPS_all_assemblies/18090_1#105.contigs_velvet.fa,755,nan,nan
GPS_all_assemblies/18090_1#148.contigs_velvet.fa,756,nan,nan
GPS_all_assemblies/18090_1#151.contigs_velvet.fa,757,nan,nan
GPS_all_assemblies/18090_1#157.contigs_velvet.fa,758,nan,nan
GPS_all_assemblies/18090_1#165.contigs_velvet.fa,759,nan,nan
GPS_all_assemblies/18090_1#171.contigs_velvet.fa,760,nan,nan
GPS_all_assemblies/18090_1#177.contigs_velvet.fa,761,nan,nan
GPS_all_assemblies/18090_1#178.contigs_velvet.fa,762,nan,nan
GPS_all_assemblies/18090_1#61.contigs_velvet.fa,763,nan,nan
GPS_all_assemblies/18090_1#77.contigs_velvet.fa,764,nan,nan
GPS_all_assemblies/19084_7#6.contigs_velvet.fa,765,nan,nan
GPS_all_assemblies/19341_2#85.contigs_velvet.fa,766,nan,nan
GPS_all_assemblies/19341_3#132.contigs_velvet.fa,767,nan,nan
GPS_all_assemblies/19341_3#133.contigs_velvet.fa,768,nan,nan
GPS_all_assemblies/19341_3#136.contigs_velvet.fa,769,nan,nan
GPS_all_assemblies/19341_3#140.contigs_velvet.fa,770,nan,nan
GPS_all_assemblies/19341_3#146.contigs_velvet.fa,771,nan,nan
GPS_all_assemblies/19341_3#159.contigs_velvet.fa,772,nan,nan
GPS_all_assemblies/19341_3#164.contigs_velvet.fa,773,nan,nan
GPS_all_assemblies/19341_3#169.contigs_velvet.fa,774,nan,nan
GPS_all_assemblies/19341_3#174.contigs_velvet.fa,775,nan,nan
GPS_all_assemblies/19646_1#39.contigs_velvet.fa,776,nan,nan
GPS_all_assemblies/20427_5#4.contigs_velvet.fa,777,nan,nan
GPS_all_assemblies/21053_8#63.contigs_velvet.fa,778,nan,nan
GPS_all_assemblies/21127_1#151.contigs_velvet.fa,779,nan,nan
GPS_all_assemblies/21127_1#62.contigs_velvet.fa,780,nan,nan
GPS_all_assemblies/21127_1#91.contigs_velvet.fa,781,nan,nan
GPS_all_assemblies/21242_6#61.contigs_velvet.fa,783,nan,nan
GPS_all_assemblies/21242_6#90.contigs_velvet.fa,784,nan,nan
GPS_all_assemblies/21485_1#135.contigs_velvet.fa,785,nan,nan
GPS_all_assemblies/21523_1#123.contigs_velvet.fa,786,nan,nan
GPS_all_assemblies/21999_8#159.contigs_velvet.fa,787,nan,nan
GPS_all_assemblies/22276_1#100.contigs_velvet.fa,788,nan,nan
GPS_all_assemblies/22276_1#26.contigs_velvet.fa,789,nan,nan
GPS_all_assemblies/22335_7#101.contigs_velvet.fa,790,nan,nan
GPS_all_assemblies/22335_7#41.contigs_velvet.fa,791,nan,nan
GPS_all_assemblies/22335_8#17.contigs_velvet.fa,792,nan,nan
GPS_all_assemblies/22667_8#38.contigs_velvet.fa,793,nan,nan
GPS_all_assemblies/23204_4#132.contigs_velvet.fa,794,nan,nan
GPS_all_assemblies/23204_4#187.contigs_velvet.fa,795,nan,nan
GPS_all_assemblies/23204_4#39.contigs_velvet.fa,796,nan,nan
GPS_all_assemblies/23204_4#3.contigs_velvet.fa,797,nan,nan
GPS_all_assemblies/23204_4#5.contigs_velvet.fa,798,nan,nan
GPS_all_assemblies/23430_1#189.contigs_velvet.fa,799,nan,nan
GPS_all_assemblies/23430_1#92.contigs_velvet.fa,800,nan,nan
GPS_all_assemblies/23430_2#109.contigs_velvet.fa,801,nan,nan
GPS_all_assemblies/23430_2#187.contigs_velvet.fa,802,nan,nan
GPS_all_assemblies/23430_3#143.contigs_velvet.fa,803,nan,nan
GPS_all_assemblies/23430_3#3.contigs_velvet.fa,804,nan,nan
GPS_all_assemblies/23430_4#29.contigs_velvet.fa,805,nan,nan
GPS_all_assemblies/23430_4#80.contigs_velvet.fa,806,nan,nan
GPS_all_assemblies/24371_8#179.contigs_velvet.fa,807,nan,nan
GPS_all_assemblies/24371_8#205.contigs_velvet.fa,808,nan,nan
GPS_all_assemblies/24497_7#105.contigs_velvet.fa,809,nan,nan
GPS_all_assemblies/24497_7#120.contigs_velvet.fa,810,nan,nan
GPS_all_assemblies/24775_1#143.contigs_velvet.fa,811,nan,nan
GPS_all_assemblies/24775_1#207.contigs_velvet.fa,812,nan,nan
GPS_all_assemblies/24775_1#258.contigs_velvet.fa,813,nan,nan
GPS_all_assemblies/24775_1#281.contigs_velvet.fa,814,nan,nan
GPS_all_assemblies/24775_1#319.contigs_velvet.fa,815,nan,nan
GPS_all_assemblies/24775_1#337.contigs_velvet.fa,816,nan,nan
GPS_all_assemblies/24775_1#350.contigs_velvet.fa,817,nan,nan
GPS_all_assemblies/24775_1#358.contigs_velvet.fa,818,nan,nan
GPS_all_assemblies/24820_2#117.contigs_velvet.fa,819,nan,nan
GPS_all_assemblies/24820_2#136.contigs_velvet.fa,820,nan,nan
GPS_all_assemblies/24820_2#138.contigs_velvet.fa,821,nan,nan
GPS_all_assemblies/24820_2#149.contigs_velvet.fa,822,nan,nan
GPS_all_assemblies/24820_2#355.contigs_velvet.fa,823,nan,nan
GPS_all_assemblies/24861_1#147.contigs_velvet.fa,824,nan,nan
GPS_all_assemblies/24861_1#212.contigs_velvet.fa,825,nan,nan
GPS_all_assemblies/24861_1#258.contigs_velvet.fa,826,nan,nan
GPS_all_assemblies/24936_1#16.contigs_velvet.fa,827,nan,nan
GPS_all_assemblies/24936_1#19.contigs_velvet.fa,828,nan,nan
GPS_all_assemblies/24936_1#58.contigs_velvet.fa,829,nan,nan
GPS_all_assemblies/28042_2#136.contigs_velvet.fa,830,nan,nan
GPS_all_assemblies/28042_2#168.contigs_velvet.fa,831,nan,nan
GPS_all_assemblies/28042_2#177.contigs_velvet.fa,832,nan,nan
GPS_all_assemblies/28042_2#186.contigs_velvet.fa,833,nan,nan
GPS_all_assemblies/28042_2#273.contigs_velvet.fa,834,nan,nan
GPS_all_assemblies/28042_2#324.contigs_velvet.fa,835,nan,nan
GPS_all_assemblies/5242_2#9.contigs_velvet.fa,836,nan,nan
GPS_all_assemblies/5737_2#7.contigs_velvet.fa,837,nan,nan
GPS_all_assemblies/6259_1#18.contigs_velvet.fa,838,nan,nan
GPS_all_assemblies/6551_6#14.contigs_velvet.fa,839,nan,nan
GPS_all_assemblies/6570_3#1.contigs_velvet.fa,840,nan,nan
GPS_all_assemblies/6823_8#10.contigs_velvet.fa,841,nan,nan
GPS_all_assemblies/6972_7#59.contigs_velvet.fa,842,nan,nan
GPS_all_assemblies/7004_8#94.contigs_velvet.fa,843,nan,nan
GPS_all_assemblies/7553_6#47.contigs_velvet.fa,844,nan,nan
GPS_all_assemblies/8016_3#95.contigs_velvet.fa,845,nan,nan
/home/debian/GPSC/17794_7#49.contigs_velvet.fa,846,nan,nan
/home/debian/GPSC/17794_7#54.contigs_velvet.fa,847,nan,nan
/home/debian/GPSC/17794_7#65.contigs_velvet.fa,848,nan,nan
/home/debian/GPSC/24977_8#129.contigs_velvet.fa,849,nan,nan
/home/debian/GPSC/24977_8#133.contigs_velvet.fa,850,nan,nan
/home/debian/GPSC/24977_8#139.contigs_velvet.fa,851,nan,nan
/home/debian/GPSC/24977_8#176.contigs_velvet.fa,852,nan,nan
/home/debian/GPSC/24977_8#17.contigs_velvet.fa,853,nan,nan
/home/debian/GPSC/24977_8#217.contigs_velvet.fa,854,nan,nan
/home/debian/GPSC/24977_8#21.contigs_velvet.fa,855,nan,nan
/home/debian/GPSC/24977_8#7.contigs_velvet.fa,856,nan,nan
/home/debian/GPSC/25052_8#14.contigs_velvet.fa,857,nan,871;868;857;866;875
/home/debian/GPSC/28177_3#214.contigs_velvet.fa,857,nan,871;868;857;866;875
/home/debian/GPSC/28177_3#259.contigs_velvet.fa,857,nan,871;868;857;866;875
/home/debian/GPSC/28177_3#381.contigs_velvet.fa,857,nan,871;868;857;866;875
/home/debian/GPSC/28184_2#126.contigs_velvet.fa,857,nan,871;868;857;866;875
/home/debian/GPSC/25108_8#13.contigs_velvet.fa,858,nan,nan
/home/debian/GPSC/26968_7#270.contigs_velvet.fa,859,nan,nan
/home/debian/GPSC/28042_2#300.contigs_velvet.fa,860,nan,nan
/home/debian/GPSC/28157_4#353.contigs_velvet.fa,861,nan,nan
/home/debian/GPSC/28157_4#382.contigs_velvet.fa,862,nan,nan
/home/debian/GPSC/28177_3#130.contigs_velvet.fa,863,nan,nan
/home/debian/GPSC/28177_3#142.contigs_velvet.fa,864,nan,nan
/home/debian/GPSC/28177_3#19.contigs_velvet.fa,865,nan,nan
/home/debian/GPSC/28177_3#215.contigs_velvet.fa,867,nan,nan
/home/debian/GPSC/28177_3#34.contigs_velvet.fa,869,nan,nan
/home/debian/GPSC/28177_3#379.contigs_velvet.fa,870,nan,nan
/home/debian/GPSC/28177_3#61.contigs_velvet.fa,872,nan,nan
/home/debian/GPSC/28177_3#65.contigs_velvet.fa,873,nan,nan
/home/debian/GPSC/28184_2#112.contigs_velvet.fa,874,nan,nan
/home/debian/GPSC/28184_2#145.contigs_velvet.fa,876,nan,nan
/home/debian/GPSC/28184_2#177.contigs_velvet.fa,877,nan,nan
/home/debian/GPSC/28184_2#287.contigs_velvet.fa,878,nan,nan
/home/debian/GPSC/28184_2#306.contigs_velvet.fa,879,nan,nan
/home/debian/GPSC/28184_2#332.contigs_velvet.fa,880,nan,nan
/home/debian/GPSC/28184_2#337.contigs_velvet.fa,881,nan,nan
/home/debian/GPSC/28184_2#374.contigs_velvet.fa,882,nan,nan
/home/debian/GPSC/28184_2#56.contigs_velvet.fa,883,nan,nan
/home/debian/GPSC/28420_2#118.contigs_velvet.fa,884,nan,nan
/home/debian/GPSC/28420_2#149.contigs_velvet.fa,885,nan,nan
/home/debian/GPSC/28420_2#239.contigs_velvet.fa,886,nan,nan
/home/debian/GPSC/28516_1#104.contigs_velvet.fa,887,nan,nan
/home/debian/GPSC/28516_1#147.contigs_velvet.fa,888,nan,nan
/home/debian/GPSC/28516_1#163.contigs_velvet.fa,889,nan,nan
/home/debian/GPSC/28516_1#16.contigs_velvet.fa,890,nan,nan
/home/debian/GPSC/28516_1#215.contigs_velvet.fa,891,nan,nan
/home/debian/GPSC/28516_1#278.contigs_velvet.fa,892,nan,nan
/home/debian/GPSC/28516_1#289.contigs_velvet.fa,893,nan,nan
/home/debian/GPSC/28516_1#308.contigs_velvet.fa,894,nan,nan
/home/debian/GPSC/28516_1#314.contigs_velvet.fa,895,nan,nan
/home/debian/GPSC/28516_1#329.contigs_velvet.fa,896,nan,nan
/home/debian/GPSC/28516_1#349.contigs_velvet.fa,897,nan,nan
/home/debian/GPSC/28516_1#91.contigs_velvet.fa,898,nan,nan
/home/debian/GPSC/28522_3#206.contigs_velvet.fa,899,nan,nan
/home/debian/GPSC/28522_3#217.contigs_velvet.fa,900,nan,nan
/home/debian/GPSC/28522_3#24.contigs_velvet.fa,901,nan,nan
/home/debian/GPSC/28522_3#64.contigs_velvet.fa,902,nan,nan
/home/debian/GPSC/28790_1#322.contigs_velvet.fa,903,nan,nan
/home/debian/GPSC/28790_1#325.contigs_velvet.fa,904,nan,nan
/home/debian/GPSC/28790_1#5.contigs_velvet.fa,905,nan,nan
/home/debian/GPSC/28832_1#218.contigs_velvet.fa,906,nan,nan
/home/debian/GPSC/28832_1#242.contigs_velvet.fa,907,nan,nan
/home/debian/GPSC/28832_1#319.contigs_velvet.fa,908,nan,nan
/home/debian/GPSC/28832_1#331.contigs_velvet.fa,909,nan,nan
/home/debian/GPSC/28832_1#371.contigs_velvet.fa,910,nan,nan
/home/debian/GPSC/29102_1#213.contigs_velvet.fa,911,nan,nan
/home/debian/GPSC/29102_1#256.contigs_velvet.fa,912,nan,nan
/home/debian/GPSC/29102_1#26.contigs_velvet.fa,913,nan,nan
/home/debian/GPSC/29102_1#277.contigs_velvet.fa,914,nan,nan
/home/debian/GPSC/29102_1#284.contigs_velvet.fa,915,nan,nan
/home/debian/GPSC/29102_1#32.contigs_velvet.fa,916,nan,nan
/home/debian/GPSC/29102_1#47.contigs_velvet.fa,917,nan,nan
/home/debian/GPSC/29330_2#117.contigs_velvet.fa,918,nan,nan
/home/debian/GPSC/29330_2#145.contigs_velvet.fa,919,nan,nan
/home/debian/GPSC/29330_2#156.contigs_velvet.fa,920,nan,nan
/home/debian/GPSC/29330_2#18.contigs_velvet.fa,921,nan,nan
/home/debian/GPSC/29330_2#190.contigs_velvet.fa,922,nan,nan
/home/debian/GPSC/29330_2#255.contigs_velvet.fa,923,nan,nan
/home/debian/GPSC/29330_2#259.contigs_velvet.fa,924,nan,nan
/home/debian/GPSC/29330_2#26.contigs_velvet.fa,925,nan,nan
/home/debian/GPSC/29330_2#281.contigs_velvet.fa,926,nan,nan
/home/debian/GPSC/29330_2#352.contigs_velvet.fa,927,nan,nan
/home/debian/GPSC/29330_2#89.contigs_velvet.fa,928,nan,nan
/home/debian/GPSC/29594_2#120.contigs_velvet.fa,929,nan,nan
/home/debian/GPSC/667371_assembly.fa,930,nan,nan
/home/debian/GPSC/756634_assembly.fa,931,nan,nan